id,jpn,eng1,eng2,eng3,eng4,eng5,eng6,eng7,eng8,eng9,eng10,eng11,eng12,eng13,eng14,eng15,eng16,eng17,eng18,eng19,eng20,eng21,eng22,eng23,eng24,eng25,eng26,eng27,eng28,eng29,eng30,eng31,eng32,eng33,eng34,eng35,eng36,eng37,eng38,eng39,eng40,eng41,eng42,eng43,eng44,eng45,eng46,eng47,eng48,eng49,eng50,eng51,eng52,eng53,eng54,eng55,eng56,eng57,eng58,eng59,eng60,eng61,eng62,eng63,eng64,eng65,eng66,eng67,eng68,eng69,eng70,eng71,eng72,eng73,eng74,eng75,eng76,eng77,eng78,eng79
501,Ｌ;ｌ [エル] ,(n) L,l,,,,,,,,,,,,,,,,,,,,,,,,,,,,,,,,,,,,,,,,,,,,,,,,,,,,,,,,,,,,,,,,,,,,,,,,,,,,,
1001,あのね(P);あのねえ;あんね;あのさ;あのさあ ,(int) (fam) (fem) look here,I say,well,I know what,I'll tell you what,just a minute,hold on,(P),,,,,,,,,,,,,,,,,,,,,,,,,,,,,,,,,,,,,,,,,,,,,,,,,,,,,,,,,,,,,,,,,,,,,,,
1501,おくびにも出さない [おくびにもださない] ,"(exp) not revealing (thoughts, feelings)",not breathing a word,,,,,,,,,,,,,,,,,,,,,,,,,,,,,,,,,,,,,,,,,,,,,,,,,,,,,,,,,,,,,,,,,,,,,,,,,,,,,
2001,お誕生会;御誕生会 [おたんじょうかい] ,(n) (See 誕生会) birthday party,,,,,,,,,,,,,,,,,,,,,,,,,,,,,,,,,,,,,,,,,,,,,,,,,,,,,,,,,,,,,,,,,,,,,,,,,,,,,,
2501,きゅうよ ,(n) (obsc) (uk) (See アルマジロ) armadillo,,,,,,,,,,,,,,,,,,,,,,,,,,,,,,,,,,,,,,,,,,,,,,,,,,,,,,,,,,,,,,,,,,,,,,,,,,,,,,
3001,ごとり ,"(adv-to,adv) (on-mim) thump",clang,clank,,,,,,,,,,,,,,,,,,,,,,,,,,,,,,,,,,,,,,,,,,,,,,,,,,,,,,,,,,,,,,,,,,,,,,,,,,,,
3501,すすり泣く;啜り泣く;啜りなく [すすりなく] ,"(v5k,vi) to sob",,,,,,,,,,,,,,,,,,,,,,,,,,,,,,,,,,,,,,,,,,,,,,,,,,,,,,,,,,,,,,,,,,,,,,,,,,,,,,
4001,"たちが悪い;タチが悪い;質が悪い [たちがわるい(たちが悪い,質が悪い);タチがわるい(タチが悪い)] ","(exp,adj-i) (ant: たちが良い) of bad character",ill-natured,nasty,vicious,wicked,malignant,,,,,,,,,,,,,,,,,,,,,,,,,,,,,,,,,,,,,,,,,,,,,,,,,,,,,,,,,,,,,,,,,,,,,,,,,
4501,とうの昔;疾うの昔;当の昔(iK);唐の昔(iK);遠の昔(iK) [とうのむかし] ,"(exp,n-t) (See 疾っくの昔) a long time ago",,,,,,,,,,,,,,,,,,,,,,,,,,,,,,,,,,,,,,,,,,,,,,,,,,,,,,,,,,,,,,,,,,,,,,,,,,,,,,
5001,にしては ,"(exp) for (e.g. ""she dances well for an eight-year old"")",considering it's (something or someone),,,,,,,,,,,,,,,,,,,,,,,,,,,,,,,,,,,,,,,,,,,,,,,,,,,,,,,,,,,,,,,,,,,,,,,,,,,,,
5501,ぴくんぴくん ,"(adv,adv-to,vs) (See ぴくぴく) twitching",,,,,,,,,,,,,,,,,,,,,,,,,,,,,,,,,,,,,,,,,,,,,,,,,,,,,,,,,,,,,,,,,,,,,,,,,,,,,,
6001,またの名;又の名 [またのな] ,"(exp,n) alias",another name,,,,,,,,,,,,,,,,,,,,,,,,,,,,,,,,,,,,,,,,,,,,,,,,,,,,,,,,,,,,,,,,,,,,,,,,,,,,,
6501,よぼよぼ ,"(adj-no,adj-na,vs,adv,adv-to) (on-mim) doddering",tottering,unsteady,shaky,decrepit,infirm,frail,feeble,,,,,,,,,,,,,,,,,,,,,,,,,,,,,,,,,,,,,,,,,,,,,,,,,,,,,,,,,,,,,,,,,,,,,,,
7001,アイスブリッジ;アイス・ブリッジ ,(n) ice bridge,,,,,,,,,,,,,,,,,,,,,,,,,,,,,,,,,,,,,,,,,,,,,,,,,,,,,,,,,,,,,,,,,,,,,,,,,,,,,,
7501,アクセス番号 [アクセスばんごう] ,(n) {comp} access number,,,,,,,,,,,,,,,,,,,,,,,,,,,,,,,,,,,,,,,,,,,,,,,,,,,,,,,,,,,,,,,,,,,,,,,,,,,,,,
8001,アット(P);あっと ,(unc) (See アットホーム) at,(P),,,,,,,,,,,,,,,,,,,,,,,,,,,,,,,,,,,,,,,,,,,,,,,,,,,,,,,,,,,,,,,,,,,,,,,,,,,,,
8501,アフルエンザ;アフルーエンザ ,(n) affluenza,,,,,,,,,,,,,,,,,,,,,,,,,,,,,,,,,,,,,,,,,,,,,,,,,,,,,,,,,,,,,,,,,,,,,,,,,,,,,,
9001,アルカリ長石 [アルカリちょうせき] ,(n) alkali feldspar,,,,,,,,,,,,,,,,,,,,,,,,,,,,,,,,,,,,,,,,,,,,,,,,,,,,,,,,,,,,,,,,,,,,,,,,,,,,,,
9501,アンプリファイアー;アンプリファイア;アンプリファイヤー;アンプリファイヤ ,(n) amplifier,,,,,,,,,,,,,,,,,,,,,,,,,,,,,,,,,,,,,,,,,,,,,,,,,,,,,,,,,,,,,,,,,,,,,,,,,,,,,,
10001,イメチェン ,"(n,vs) (abbr) (See イメージチェンジ) image change",changing one's image,makeover,,,,,,,,,,,,,,,,,,,,,,,,,,,,,,,,,,,,,,,,,,,,,,,,,,,,,,,,,,,,,,,,,,,,,,,,,,,,
10501,インデックスバッファ;インデックス・バッファ ,(n) {comp} index buffer,,,,,,,,,,,,,,,,,,,,,,,,,,,,,,,,,,,,,,,,,,,,,,,,,,,,,,,,,,,,,,,,,,,,,,,,,,,,,,
11001,ウェッデル海豹 [ウェッデルあざらし;ウェッデルアザラシ] ,(n) (uk) Weddell seal (Leptonychotes weddellii),,,,,,,,,,,,,,,,,,,,,,,,,,,,,,,,,,,,,,,,,,,,,,,,,,,,,,,,,,,,,,,,,,,,,,,,,,,,,,
11501,エイズワクチン;エイズ・ワクチン ,(n) AIDS vaccine,,,,,,,,,,,,,,,,,,,,,,,,,,,,,,,,,,,,,,,,,,,,,,,,,,,,,,,,,,,,,,,,,,,,,,,,,,,,,,
12001,エネルギー源 [エネルギーげん] ,(n) energy source,,,,,,,,,,,,,,,,,,,,,,,,,,,,,,,,,,,,,,,,,,,,,,,,,,,,,,,,,,,,,,,,,,,,,,,,,,,,,,
12501,エンドロール ,(n) credits roll (at the end of a show or movie) (wasei: endroll),end credit roll,,,,,,,,,,,,,,,,,,,,,,,,,,,,,,,,,,,,,,,,,,,,,,,,,,,,,,,,,,,,,,,,,,,,,,,,,,,,,
13001,オールドローズ;オールド・ローズ ,(n) old rose,,,,,,,,,,,,,,,,,,,,,,,,,,,,,,,,,,,,,,,,,,,,,,,,,,,,,,,,,,,,,,,,,,,,,,,,,,,,,,
13501,オリーブ姫啄木鳥 [オリーブひめきつつき;オリーブヒメキツツキ] ,"(n) (uk) olivaceous piculet (species of bird, Picumnus olivaceus)",,,,,,,,,,,,,,,,,,,,,,,,,,,,,,,,,,,,,,,,,,,,,,,,,,,,,,,,,,,,,,,,,,,,,,,,,,,,,,
14001,カキパン;カキ・パン ,(n) heavy petting,,,,,,,,,,,,,,,,,,,,,,,,,,,,,,,,,,,,,,,,,,,,,,,,,,,,,,,,,,,,,,,,,,,,,,,,,,,,,,
14501,カラーチャート;カラー・チャート ,(n) {comp} color chart,,,,,,,,,,,,,,,,,,,,,,,,,,,,,,,,,,,,,,,,,,,,,,,,,,,,,,,,,,,,,,,,,,,,,,,,,,,,,,
15001,ガス管 [ガスかん] ,(n) gas pipe,gas tube,,,,,,,,,,,,,,,,,,,,,,,,,,,,,,,,,,,,,,,,,,,,,,,,,,,,,,,,,,,,,,,,,,,,,,,,,,,,,
15501,キモグラフ ,(n) kymograph,,,,,,,,,,,,,,,,,,,,,,,,,,,,,,,,,,,,,,,,,,,,,,,,,,,,,,,,,,,,,,,,,,,,,,,,,,,,,,
16001,ギプス包帯 [ギプスほうたい] ,(n) plaster cast,,,,,,,,,,,,,,,,,,,,,,,,,,,,,,,,,,,,,,,,,,,,,,,,,,,,,,,,,,,,,,,,,,,,,,,,,,,,,,
16501,クリーンインストール;クリーン・インストール ,(n) {comp} clean install,,,,,,,,,,,,,,,,,,,,,,,,,,,,,,,,,,,,,,,,,,,,,,,,,,,,,,,,,,,,,,,,,,,,,,,,,,,,,,
17001,クロロジフェニルアルシン ,(n) chlorodiphenylarsine,,,,,,,,,,,,,,,,,,,,,,,,,,,,,,,,,,,,,,,,,,,,,,,,,,,,,,,,,,,,,,,,,,,,,,,,,,,,,,
17501,グレースケール;グレー・スケール ,(n) {comp} grayscale,greyscale,,,,,,,,,,,,,,,,,,,,,,,,,,,,,,,,,,,,,,,,,,,,,,,,,,,,,,,,,,,,,,,,,,,,,,,,,,,,,
18001,コートヤード ,(n) courtyard,,,,,,,,,,,,,,,,,,,,,,,,,,,,,,,,,,,,,,,,,,,,,,,,,,,,,,,,,,,,,,,,,,,,,,,,,,,,,,
18501,コマンドプロンプト;コマンド・プロンプト ,(n) {comp} command prompt,,,,,,,,,,,,,,,,,,,,,,,,,,,,,,,,,,,,,,,,,,,,,,,,,,,,,,,,,,,,,,,,,,,,,,,,,,,,,,
19001,コントラクター ,(n) contractor,,,,,,,,,,,,,,,,,,,,,,,,,,,,,,,,,,,,,,,,,,,,,,,,,,,,,,,,,,,,,,,,,,,,,,,,,,,,,,
19501,サーキュレーション ,(n) circulation,,,,,,,,,,,,,,,,,,,,,,,,,,,,,,,,,,,,,,,,,,,,,,,,,,,,,,,,,,,,,,,,,,,,,,,,,,,,,,
20001,サッドマック ,(n) {comp} Sad Mac (symbol used by older-generation Apple Macintosh computers),,,,,,,,,,,,,,,,,,,,,,,,,,,,,,,,,,,,,,,,,,,,,,,,,,,,,,,,,,,,,,,,,,,,,,,,,,,,,,
20501,ザック ,(n) (See リュックサック) rucksack (ger: Sack),sack,,,,,,,,,,,,,,,,,,,,,,,,,,,,,,,,,,,,,,,,,,,,,,,,,,,,,,,,,,,,,,,,,,,,,,,,,,,,,
21001,シックハウス症候群 [シックハウスしょうこうぐん] ,(n) sick building syndrome,SBS,,,,,,,,,,,,,,,,,,,,,,,,,,,,,,,,,,,,,,,,,,,,,,,,,,,,,,,,,,,,,,,,,,,,,,,,,,,,,
21501,ショルダー ,(n) shoulder,,,,,,,,,,,,,,,,,,,,,,,,,,,,,,,,,,,,,,,,,,,,,,,,,,,,,,,,,,,,,,,,,,,,,,,,,,,,,,
22001,ジメチルアミノ ,(adj-f) {chem} dimethylamino,,,,,,,,,,,,,,,,,,,,,,,,,,,,,,,,,,,,,,,,,,,,,,,,,,,,,,,,,,,,,,,,,,,,,,,,,,,,,,
22501,スイステレコム;スイス・テレコム ,(n) {comp} Swiss Telecom,,,,,,,,,,,,,,,,,,,,,,,,,,,,,,,,,,,,,,,,,,,,,,,,,,,,,,,,,,,,,,,,,,,,,,,,,,,,,,
23001,スタッキングチェア;スタッキング・チェア ,(n) stacking chair,stackable chair,,,,,,,,,,,,,,,,,,,,,,,,,,,,,,,,,,,,,,,,,,,,,,,,,,,,,,,,,,,,,,,,,,,,,,,,,,,,,
23501,スノーモービル ,(n) snowmobile,,,,,,,,,,,,,,,,,,,,,,,,,,,,,,,,,,,,,,,,,,,,,,,,,,,,,,,,,,,,,,,,,,,,,,,,,,,,,,
24001,スラスター ,(n) thruster (e.g. on a satellite),,,,,,,,,,,,,,,,,,,,,,,,,,,,,,,,,,,,,,,,,,,,,,,,,,,,,,,,,,,,,,,,,,,,,,,,,,,,,,
24501,セミダブル ,(n) (See セミダブルベッド) three-quarter bed (wasei: semi-double (bed)),,,,,,,,,,,,,,,,,,,,,,,,,,,,,,,,,,,,,,,,,,,,,,,,,,,,,,,,,,,,,,,,,,,,,,,,,,,,,,
25001,ソノリティ ,(n) sonority,,,,,,,,,,,,,,,,,,,,,,,,,,,,,,,,,,,,,,,,,,,,,,,,,,,,,,,,,,,,,,,,,,,,,,,,,,,,,,
25501,タックシート;タック・シート ,(n) label sheet (wasei: tack sheet),"paper, etc. adhesive sheet",,,,,,,,,,,,,,,,,,,,,,,,,,,,,,,,,,,,,,,,,,,,,,,,,,,,,,,,,,,,,,,,,,,,,,,,,,,,,
26001,ダッファー ,(n) duffer,,,,,,,,,,,,,,,,,,,,,,,,,,,,,,,,,,,,,,,,,,,,,,,,,,,,,,,,,,,,,,,,,,,,,,,,,,,,,,
26501,チャネル間分離 [チャネルかんぶんり] ,(n) {comp} interchannel isolation,,,,,,,,,,,,,,,,,,,,,,,,,,,,,,,,,,,,,,,,,,,,,,,,,,,,,,,,,,,,,,,,,,,,,,,,,,,,,,
27001,テイスティング;ティスティング;テースティング ,(n) sampling food or drink,tasting,,,,,,,,,,,,,,,,,,,,,,,,,,,,,,,,,,,,,,,,,,,,,,,,,,,,,,,,,,,,,,,,,,,,,,,,,,,,,
27501,データベース技術 [データベースぎじゅつ] ,(n) {comp} database technology,,,,,,,,,,,,,,,,,,,,,,,,,,,,,,,,,,,,,,,,,,,,,,,,,,,,,,,,,,,,,,,,,,,,,,,,,,,,,,
28001,デキシー;ディキシー ,(n) (1) (col) Dixie,southern states of the USA,(2) (abbr) (See デキシーランドジャズ) Dixieland jazz,,,,,,,,,,,,,,,,,,,,,,,,,,,,,,,,,,,,,,,,,,,,,,,,,,,,,,,,,,,,,,,,,,,,,,,,,,,,
28501,トータルシステム;トータル・システム ,(n) {comp} total system,,,,,,,,,,,,,,,,,,,,,,,,,,,,,,,,,,,,,,,,,,,,,,,,,,,,,,,,,,,,,,,,,,,,,,,,,,,,,,
29001,トリニトロン ,(n) {comp} Trinitron,,,,,,,,,,,,,,,,,,,,,,,,,,,,,,,,,,,,,,,,,,,,,,,,,,,,,,,,,,,,,,,,,,,,,,,,,,,,,,
29501,ドライブ ,(n) (1) drive,trip by car,driving,"(vs,vi) (2) to (go for a) drive",to go on a trip by car,"(vs,vt) (3) to drive (e.g. a car)","(4) to drive (innovation, change, etc.)",to propel,(n) (5) {comp} drive,(P),,,,,,,,,,,,,,,,,,,,,,,,,,,,,,,,,,,,,,,,,,,,,,,,,,,,,,,,,,,,,,,,,,,,,
30001,ナローバンド ,(n) {comp} narrowband,,,,,,,,,,,,,,,,,,,,,,,,,,,,,,,,,,,,,,,,,,,,,,,,,,,,,,,,,,,,,,,,,,,,,,,,,,,,,,
30501,ネグレット ,(n) Négrette (wine grape variety) (fre:),,,,,,,,,,,,,,,,,,,,,,,,,,,,,,,,,,,,,,,,,,,,,,,,,,,,,,,,,,,,,,,,,,,,,,,,,,,,,,
31001,ノヴェライゼーション ,(n) novelization,,,,,,,,,,,,,,,,,,,,,,,,,,,,,,,,,,,,,,,,,,,,,,,,,,,,,,,,,,,,,,,,,,,,,,,,,,,,,,
31501,ハブ ,(n) hub,,,,,,,,,,,,,,,,,,,,,,,,,,,,,,,,,,,,,,,,,,,,,,,,,,,,,,,,,,,,,,,,,,,,,,,,,,,,,,
32001,バイブ;ヴァイブ ,"(n,vs) (1) vibe",vibration,(n) (2) (abbr) (See バイブレーター) vibrator,,,,,,,,,,,,,,,,,,,,,,,,,,,,,,,,,,,,,,,,,,,,,,,,,,,,,,,,,,,,,,,,,,,,,,,,,,,,
32501,バラエティーショー;バラエティー・ショー ,(n) variety show,,,,,,,,,,,,,,,,,,,,,,,,,,,,,,,,,,,,,,,,,,,,,,,,,,,,,,,,,,,,,,,,,,,,,,,,,,,,,,
33001,パシフィックスペードフィッシュ ,"(n) Pacific spadefish (Chaetodipterus zonatus, species of Eastern Pacific spadefish found from California to Peru)",,,,,,,,,,,,,,,,,,,,,,,,,,,,,,,,,,,,,,,,,,,,,,,,,,,,,,,,,,,,,,,,,,,,,,,,,,,,,,
33501,パワーリード;パワー・リード ,(n) power lead,,,,,,,,,,,,,,,,,,,,,,,,,,,,,,,,,,,,,,,,,,,,,,,,,,,,,,,,,,,,,,,,,,,,,,,,,,,,,,
34001,ビショップ ,(n) bishop,,,,,,,,,,,,,,,,,,,,,,,,,,,,,,,,,,,,,,,,,,,,,,,,,,,,,,,,,,,,,,,,,,,,,,,,,,,,,,
34501,ピエ ,(n) pied (fre:),bottom part of a macaron,,,,,,,,,,,,,,,,,,,,,,,,,,,,,,,,,,,,,,,,,,,,,,,,,,,,,,,,,,,,,,,,,,,,,,,,,,,,,
35001,ファイル他者クラス [ファイルたしゃクラス] ,(n) {comp} file other class,,,,,,,,,,,,,,,,,,,,,,,,,,,,,,,,,,,,,,,,,,,,,,,,,,,,,,,,,,,,,,,,,,,,,,,,,,,,,,
35501,フェニルアラニン ,(n) phenylalanine,,,,,,,,,,,,,,,,,,,,,,,,,,,,,,,,,,,,,,,,,,,,,,,,,,,,,,,,,,,,,,,,,,,,,,,,,,,,,,
36001,フランクフルトソーセージ;フランクフルト・ソーセージ ,"(n) {food} (See フランクフルター) frankfurter (wasei: Frankfurt, wasei: sausage)",frank,,,,,,,,,,,,,,,,,,,,,,,,,,,,,,,,,,,,,,,,,,,,,,,,,,,,,,,,,,,,,,,,,,,,,,,,,,,,,
36501,ブイシーシーアイ ,(n) {comp} VCCI,,,,,,,,,,,,,,,,,,,,,,,,,,,,,,,,,,,,,,,,,,,,,,,,,,,,,,,,,,,,,,,,,,,,,,,,,,,,,,
37001,ブロードバンドＬＡＮ [ブロードバンドラン] ,(n) {comp} broadband LAN,,,,,,,,,,,,,,,,,,,,,,,,,,,,,,,,,,,,,,,,,,,,,,,,,,,,,,,,,,,,,,,,,,,,,,,,,,,,,,
37501,プレイヤー(P);プレーヤー(P);プレイヤ;プレーヤ ,(n) (1) player,(2) prayer,(P),,,,,,,,,,,,,,,,,,,,,,,,,,,,,,,,,,,,,,,,,,,,,,,,,,,,,,,,,,,,,,,,,,,,,,,,,,,,
38001,ヘッディング開始 [ヘッディングかいし] ,(n) {comp} start of heading,start of header,SOH,,,,,,,,,,,,,,,,,,,,,,,,,,,,,,,,,,,,,,,,,,,,,,,,,,,,,,,,,,,,,,,,,,,,,,,,,,,,
38501,ベンケイソウ科;弁慶草科 [ベンケイソウか(ベンケイソウ科);べんけいそうか(弁慶草科)] ,(n) Crassulaceae (plant family),,,,,,,,,,,,,,,,,,,,,,,,,,,,,,,,,,,,,,,,,,,,,,,,,,,,,,,,,,,,,,,,,,,,,,,,,,,,,,
39001,ホールケーキ;ホール・ケーキ ,(n) whole cake,cake sold whole (as opposed to in individual slices),,,,,,,,,,,,,,,,,,,,,,,,,,,,,,,,,,,,,,,,,,,,,,,,,,,,,,,,,,,,,,,,,,,,,,,,,,,,,
39501,ボクシングデー;ボクシング・デー ,"(n) Boxing Day (public holiday in the UK, Aus., Canada, etc.)",,,,,,,,,,,,,,,,,,,,,,,,,,,,,,,,,,,,,,,,,,,,,,,,,,,,,,,,,,,,,,,,,,,,,,,,,,,,,,
40001,ポピュレーション ,(n) population,,,,,,,,,,,,,,,,,,,,,,,,,,,,,,,,,,,,,,,,,,,,,,,,,,,,,,,,,,,,,,,,,,,,,,,,,,,,,,
40501,マカロニグラタン;マカロニ・グラタン ,(n) macaroni au gratin,,,,,,,,,,,,,,,,,,,,,,,,,,,,,,,,,,,,,,,,,,,,,,,,,,,,,,,,,,,,,,,,,,,,,,,,,,,,,,
41001,マリガン ,(n) {sports} mulligan,,,,,,,,,,,,,,,,,,,,,,,,,,,,,,,,,,,,,,,,,,,,,,,,,,,,,,,,,,,,,,,,,,,,,,,,,,,,,,
41501,ミディスカート ,(n) midiskirt,midi skirt,,,,,,,,,,,,,,,,,,,,,,,,,,,,,,,,,,,,,,,,,,,,,,,,,,,,,,,,,,,,,,,,,,,,,,,,,,,,,
42001,メガロ ,(n) megalo,,,,,,,,,,,,,,,,,,,,,,,,,,,,,,,,,,,,,,,,,,,,,,,,,,,,,,,,,,,,,,,,,,,,,,,,,,,,,,
42501,モーセの五書 [モーセのごしょ] ,"(n) (obsc) (See モーセ五書) Pentateuch (first five books of the Bible, traditionally attributed to Moses)",,,,,,,,,,,,,,,,,,,,,,,,,,,,,,,,,,,,,,,,,,,,,,,,,,,,,,,,,,,,,,,,,,,,,,,,,,,,,,
43001,ヤラメスゲ ,(n) Lyngbye's sedge (Carex lyngbyei),,,,,,,,,,,,,,,,,,,,,,,,,,,,,,,,,,,,,,,,,,,,,,,,,,,,,,,,,,,,,,,,,,,,,,,,,,,,,,
43501,ライフサイクルエネルギー;ライフサイクル・エネルギー ,(n) life-cycle energy,,,,,,,,,,,,,,,,,,,,,,,,,,,,,,,,,,,,,,,,,,,,,,,,,,,,,,,,,,,,,,,,,,,,,,,,,,,,,,
44001,ランウェイショー;ランウエイショー;ランウェイ・ショー;ランウエイ・ショー ,(n) (See ファッションショー) fashion show (on a catwalk) (wasei: runway show),,,,,,,,,,,,,,,,,,,,,,,,,,,,,,,,,,,,,,,,,,,,,,,,,,,,,,,,,,,,,,,,,,,,,,,,,,,,,,
44501,リトマス紙 [リトマスし] ,(n) (See リトマス試験紙) litmus paper,,,,,,,,,,,,,,,,,,,,,,,,,,,,,,,,,,,,,,,,,,,,,,,,,,,,,,,,,,,,,,,,,,,,,,,,,,,,,,
45001,ルームサービス ,(n) room-service,,,,,,,,,,,,,,,,,,,,,,,,,,,,,,,,,,,,,,,,,,,,,,,,,,,,,,,,,,,,,,,,,,,,,,,,,,,,,,
45501,レッドチークラス ,(n) red-cheek wrasse (Thalassoma genivittatum),,,,,,,,,,,,,,,,,,,,,,,,,,,,,,,,,,,,,,,,,,,,,,,,,,,,,,,,,,,,,,,,,,,,,,,,,,,,,,
46001,ロケラン ,(n) (abbr) (See ロケットランチャー) rocket launcher,,,,,,,,,,,,,,,,,,,,,,,,,,,,,,,,,,,,,,,,,,,,,,,,,,,,,,,,,,,,,,,,,,,,,,,,,,,,,,
46501,ワンコインバス;ワンコイン・バス ,(n) 100-yen bus (wasei: one-coin bus),,,,,,,,,,,,,,,,,,,,,,,,,,,,,,,,,,,,,,,,,,,,,,,,,,,,,,,,,,,,,,,,,,,,,,,,,,,,,,
47001,愛書 [あいしょ] ,(n) (1) great love of books,(2) favorite book (favourite),,,,,,,,,,,,,,,,,,,,,,,,,,,,,,,,,,,,,,,,,,,,,,,,,,,,,,,,,,,,,,,,,,,,,,,,,,,,,
47501,圧力抑制プール [あつりょくよくせいプール] ,(n) pressure suppression pool (nuclear reactor),,,,,,,,,,,,,,,,,,,,,,,,,,,,,,,,,,,,,,,,,,,,,,,,,,,,,,,,,,,,,,,,,,,,,,,,,,,,,,
48001,鞍橋;鞍骨;鞍瓦 [くらぼね;あんが] ,(n) saddle tree,,,,,,,,,,,,,,,,,,,,,,,,,,,,,,,,,,,,,,,,,,,,,,,,,,,,,,,,,,,,,,,,,,,,,,,,,,,,,,
48501,意余って言葉足らず [いあまってことばたらず] ,(exp) unable to find adequate words (e.g. to express feelings),being at a loss for words,,,,,,,,,,,,,,,,,,,,,,,,,,,,,,,,,,,,,,,,,,,,,,,,,,,,,,,,,,,,,,,,,,,,,,,,,,,,,
49001,衣魚虫 [しみむし] ,"(n) (obsc) (See 衣魚) true bristletail (any insect of order Thysanura, esp. of family Lepismatidae)",,,,,,,,,,,,,,,,,,,,,,,,,,,,,,,,,,,,,,,,,,,,,,,,,,,,,,,,,,,,,,,,,,,,,,,,,,,,,,
49501,一から [いちから] ,(exp) from the beginning,from scratch,,,,,,,,,,,,,,,,,,,,,,,,,,,,,,,,,,,,,,,,,,,,,,,,,,,,,,,,,,,,,,,,,,,,,,,,,,,,,
50001,一次変換 [いちじへんかん] ,(n) {math} linear transformation,,,,,,,,,,,,,,,,,,,,,,,,,,,,,,,,,,,,,,,,,,,,,,,,,,,,,,,,,,,,,,,,,,,,,,,,,,,,,,
50501,一杯機嫌;いっぱい機嫌 [いっぱいきげん] ,"(n,adj-no) (yoji) slight intoxication",,,,,,,,,,,,,,,,,,,,,,,,,,,,,,,,,,,,,,,,,,,,,,,,,,,,,,,,,,,,,,,,,,,,,,,,,,,,,,
51001,稲架 [はさ;はざ;はせ;はぜ;とうか] ,(n) (See 稲掛け) drying rice on a rack,rack for drying rice,,,,,,,,,,,,,,,,,,,,,,,,,,,,,,,,,,,,,,,,,,,,,,,,,,,,,,,,,,,,,,,,,,,,,,,,,,,,,
51501,引用文 [いんようぶん] ,(n) {ling} quotation,,,,,,,,,,,,,,,,,,,,,,,,,,,,,,,,,,,,,,,,,,,,,,,,,,,,,,,,,,,,,,,,,,,,,,,,,,,,,,
52001,宇宙塵 [うちゅうじん] ,(n) space dust,cosmic dust,interstellar dust,,,,,,,,,,,,,,,,,,,,,,,,,,,,,,,,,,,,,,,,,,,,,,,,,,,,,,,,,,,,,,,,,,,,,,,,,,,,
52501,運送船 [うんそうせん] ,(n) freighter,cargo vessel,,,,,,,,,,,,,,,,,,,,,,,,,,,,,,,,,,,,,,,,,,,,,,,,,,,,,,,,,,,,,,,,,,,,,,,,,,,,,
53001,永禄 [えいろく] ,(n) Eiroku era (1558.2.28-1570.4.23),,,,,,,,,,,,,,,,,,,,,,,,,,,,,,,,,,,,,,,,,,,,,,,,,,,,,,,,,,,,,,,,,,,,,,,,,,,,,,
53501,円塚;丸塚 [まるづか;まるか(ok);えんちょう(円塚)(ok)] ,(n) round burial mound,,,,,,,,,,,,,,,,,,,,,,,,,,,,,,,,,,,,,,,,,,,,,,,,,,,,,,,,,,,,,,,,,,,,,,,,,,,,,,
54001,遠々しい;遠遠しい [とおどおしい] ,"(adj-i) distant (behavior, etc.)",reserved,,,,,,,,,,,,,,,,,,,,,,,,,,,,,,,,,,,,,,,,,,,,,,,,,,,,,,,,,,,,,,,,,,,,,,,,,,,,,
54501,往復機関 [おうふくきかん] ,(n) reciprocating engine,,,,,,,,,,,,,,,,,,,,,,,,,,,,,,,,,,,,,,,,,,,,,,,,,,,,,,,,,,,,,,,,,,,,,,,,,,,,,,
55001,王手をかける;王手を掛ける [おうてをかける] ,"(exp,v1) (1) to check (in chess)","(2) (id) to threaten (somebody's position, etc.)",to close in (on somebody),,,,,,,,,,,,,,,,,,,,,,,,,,,,,,,,,,,,,,,,,,,,,,,,,,,,,,,,,,,,,,,,,,,,,,,,,,,,
55501,温厚 [おんこう] ,"(adj-na,n) gentle",(P),,,,,,,,,,,,,,,,,,,,,,,,,,,,,,,,,,,,,,,,,,,,,,,,,,,,,,,,,,,,,,,,,,,,,,,,,,,,,
56001,下手な鉄砲も数撃てば当たる;下手な鉄砲も数打てば当たる [へたなてっぽうもかずうてばあたる] ,(exp) (proverb) (See 下手な鉄砲も数撃ちゃ当たる) even the unskilled can succeed by a fluke given enough tries,even a poor marksman will hit the target with enough shots,,,,,,,,,,,,,,,,,,,,,,,,,,,,,,,,,,,,,,,,,,,,,,,,,,,,,,,,,,,,,,,,,,,,,,,,,,,,,
56501,仮想デバイスドライバ [かそうデバイスドライバ] ,(n) {comp} virtual device driver,,,,,,,,,,,,,,,,,,,,,,,,,,,,,,,,,,,,,,,,,,,,,,,,,,,,,,,,,,,,,,,,,,,,,,,,,,,,,,
57001,加賀紋 [かがもん] ,(n) coloured family crest (popular amongst people from Kaga),,,,,,,,,,,,,,,,,,,,,,,,,,,,,,,,,,,,,,,,,,,,,,,,,,,,,,,,,,,,,,,,,,,,,,,,,,,,,,
57501,家従 [かじゅう] ,(n) steward,butler,attendant,,,,,,,,,,,,,,,,,,,,,,,,,,,,,,,,,,,,,,,,,,,,,,,,,,,,,,,,,,,,,,,,,,,,,,,,,,,,
58001,火影;灯影 [ほかげ] ,(n) firelight,shadows or forms moving in firelight,,,,,,,,,,,,,,,,,,,,,,,,,,,,,,,,,,,,,,,,,,,,,,,,,,,,,,,,,,,,,,,,,,,,,,,,,,,,,
58501,花蕾 [からい] ,(n) flower bud,,,,,,,,,,,,,,,,,,,,,,,,,,,,,,,,,,,,,,,,,,,,,,,,,,,,,,,,,,,,,,,,,,,,,,,,,,,,,,
59001,我を立てる [がをたてる] ,"(exp,v1) to insist on one's own ideas",,,,,,,,,,,,,,,,,,,,,,,,,,,,,,,,,,,,,,,,,,,,,,,,,,,,,,,,,,,,,,,,,,,,,,,,,,,,,,
59501,解像力 [かいぞうりょく] ,(n) resolving power (of a lens),,,,,,,,,,,,,,,,,,,,,,,,,,,,,,,,,,,,,,,,,,,,,,,,,,,,,,,,,,,,,,,,,,,,,,,,,,,,,,
60001,戒める(P);誡める;警める [いましめる] ,"(v1,vt) (1) to warn against",to caution against,(2) to admonish,to scold,to rebuke,(3) to prohibit,to forbid,to ban,(4) (arch) to be cautious,(5) (arch) to detest,to loathe,(6) (arch) to punish,(P),,,,,,,,,,,,,,,,,,,,,,,,,,,,,,,,,,,,,,,,,,,,,,,,,,,,,,,,,,,,,,,,,,
60501,灰 [はい] ,(n) ash,ashes,(P),,,,,,,,,,,,,,,,,,,,,,,,,,,,,,,,,,,,,,,,,,,,,,,,,,,,,,,,,,,,,,,,,,,,,,,,,,,,
61001,貝独楽 [べいごま;べえごま;ばいごま;ベーゴマ;べーごま] ,(n) (uk) spinning top (traditionally made of Japanese babylon shell),,,,,,,,,,,,,,,,,,,,,,,,,,,,,,,,,,,,,,,,,,,,,,,,,,,,,,,,,,,,,,,,,,,,,,,,,,,,,,
61501,概念実証 [がいねんじっしょう] ,(n) proof of concept,,,,,,,,,,,,,,,,,,,,,,,,,,,,,,,,,,,,,,,,,,,,,,,,,,,,,,,,,,,,,,,,,,,,,,,,,,,,,,
62001,確報 [かくほう] ,(n) definite report,confirmed data,,,,,,,,,,,,,,,,,,,,,,,,,,,,,,,,,,,,,,,,,,,,,,,,,,,,,,,,,,,,,,,,,,,,,,,,,,,,,
62501,楽しませる [たのしませる] ,"(v1,vt) to amuse",to delight,to entertain,to please,to regale,to give someone a good time,to impart delight,to give pleasure to,,,,,,,,,,,,,,,,,,,,,,,,,,,,,,,,,,,,,,,,,,,,,,,,,,,,,,,,,,,,,,,,,,,,,,,
63001,渇水 [かっすい] ,(n) water shortage,(P),,,,,,,,,,,,,,,,,,,,,,,,,,,,,,,,,,,,,,,,,,,,,,,,,,,,,,,,,,,,,,,,,,,,,,,,,,,,,
63501,冠状動脈 [かんじょうどうみゃく] ,"(n,adj-no) coronary artery",,,,,,,,,,,,,,,,,,,,,,,,,,,,,,,,,,,,,,,,,,,,,,,,,,,,,,,,,,,,,,,,,,,,,,,,,,,,,,
64001,寛ぎ [くつろぎ] ,"(n,adj-no) (uk) ease",relaxation,comfort,unwinding,,,,,,,,,,,,,,,,,,,,,,,,,,,,,,,,,,,,,,,,,,,,,,,,,,,,,,,,,,,,,,,,,,,,,,,,,,,
64501,環境試験 [かんきょうしけん] ,(n) environmental testing,,,,,,,,,,,,,,,,,,,,,,,,,,,,,,,,,,,,,,,,,,,,,,,,,,,,,,,,,,,,,,,,,,,,,,,,,,,,,,
65001,肝疾患 [かんしっかん] ,(n) liver disease,,,,,,,,,,,,,,,,,,,,,,,,,,,,,,,,,,,,,,,,,,,,,,,,,,,,,,,,,,,,,,,,,,,,,,,,,,,,,,
65501,関数手続き [かんすうてつづき] ,(n) {comp} function procedure,,,,,,,,,,,,,,,,,,,,,,,,,,,,,,,,,,,,,,,,,,,,,,,,,,,,,,,,,,,,,,,,,,,,,,,,,,,,,,
66001,雁皮 [がんぴ;ガンピ] ,(n) (1) (uk) Diplomorpha sikokiana (species of flowering plant),(2) (abbr) (See 雁皮紙) paper made from the fibre of this plant,,,,,,,,,,,,,,,,,,,,,,,,,,,,,,,,,,,,,,,,,,,,,,,,,,,,,,,,,,,,,,,,,,,,,,,,,,,,,
66501,基本文 [きほんぶん] ,(n) {comp} basic statement,,,,,,,,,,,,,,,,,,,,,,,,,,,,,,,,,,,,,,,,,,,,,,,,,,,,,,,,,,,,,,,,,,,,,,,,,,,,,,
67001,棋譜 [きふ] ,"(n) record of a game of go, shogi, chess, etc.",(P),,,,,,,,,,,,,,,,,,,,,,,,,,,,,,,,,,,,,,,,,,,,,,,,,,,,,,,,,,,,,,,,,,,,,,,,,,,,,
67501,気違い沙汰;気狂い沙汰;きちがい沙汰 [きちがいざた] ,(n) (sens) insane behavior,madness,,,,,,,,,,,,,,,,,,,,,,,,,,,,,,,,,,,,,,,,,,,,,,,,,,,,,,,,,,,,,,,,,,,,,,,,,,,,,
68001,記名投票 [きめいとうひょう] ,(n) signed ballot,,,,,,,,,,,,,,,,,,,,,,,,,,,,,,,,,,,,,,,,,,,,,,,,,,,,,,,,,,,,,,,,,,,,,,,,,,,,,,
68501,戯言;戲言(oK) [ぎげん] ,(n) joke,jest,,,,,,,,,,,,,,,,,,,,,,,,,,,,,,,,,,,,,,,,,,,,,,,,,,,,,,,,,,,,,,,,,,,,,,,,,,,,,
69001,詰草 [つめくさ] ,(n) white Dutch clover,,,,,,,,,,,,,,,,,,,,,,,,,,,,,,,,,,,,,,,,,,,,,,,,,,,,,,,,,,,,,,,,,,,,,,,,,,,,,,
69501,宮様お二所 [みやさまおふたところ] ,(n) two Imperial princes,,,,,,,,,,,,,,,,,,,,,,,,,,,,,,,,,,,,,,,,,,,,,,,,,,,,,,,,,,,,,,,,,,,,,,,,,,,,,,
70001,給排水 [きゅうはいすい] ,"(n,vs) water supply and drainage",,,,,,,,,,,,,,,,,,,,,,,,,,,,,,,,,,,,,,,,,,,,,,,,,,,,,,,,,,,,,,,,,,,,,,,,,,,,,,
70501,虚ろ;空ろ;洞ろ;洞 [うつろ] ,"(n,adj-na) (1) cavity",hollow,void,"(adj-na) (2) (虚ろ, 空ろ only) hollow (voice, smile, etc.)","blank (eyes, look, etc.)","vacant (expression, stare, etc.)","empty (words, heart, etc.)",,,,,,,,,,,,,,,,,,,,,,,,,,,,,,,,,,,,,,,,,,,,,,,,,,,,,,,,,,,,,,,,,,,,,,,,
71001,共産党宣言 [きょうさんとうせんげん] ,(n) The Communist Manifesto,,,,,,,,,,,,,,,,,,,,,,,,,,,,,,,,,,,,,,,,,,,,,,,,,,,,,,,,,,,,,,,,,,,,,,,,,,,,,,
71501,強精剤 [きょうせいざい] ,(n) aphrodisiac,tonic,,,,,,,,,,,,,,,,,,,,,,,,,,,,,,,,,,,,,,,,,,,,,,,,,,,,,,,,,,,,,,,,,,,,,,,,,,,,,
72001,胸筋 [きょうきん] ,"(n,adj-no) pectoral (muscle)",,,,,,,,,,,,,,,,,,,,,,,,,,,,,,,,,,,,,,,,,,,,,,,,,,,,,,,,,,,,,,,,,,,,,,,,,,,,,,
72501,曲直 [きょくちょく] ,(n) merits (of a case),right or wrong,,,,,,,,,,,,,,,,,,,,,,,,,,,,,,,,,,,,,,,,,,,,,,,,,,,,,,,,,,,,,,,,,,,,,,,,,,,,,
73001,筋原線維;筋原繊維 [きんげんせんい] ,(n) myofibril,,,,,,,,,,,,,,,,,,,,,,,,,,,,,,,,,,,,,,,,,,,,,,,,,,,,,,,,,,,,,,,,,,,,,,,,,,,,,,
73501,金剛頂経 [こんごうちょうきょう] ,(n) {Buddh} Vajrasekhara Sutra,,,,,,,,,,,,,,,,,,,,,,,,,,,,,,,,,,,,,,,,,,,,,,,,,,,,,,,,,,,,,,,,,,,,,,,,,,,,,,
74001,九面体 [きゅうめんたい] ,(n) {math} enneahedron,nonahedron,,,,,,,,,,,,,,,,,,,,,,,,,,,,,,,,,,,,,,,,,,,,,,,,,,,,,,,,,,,,,,,,,,,,,,,,,,,,,
74501,空気感 [くうきかん] ,(n) (col) (See 雰囲気・1) atmosphere (esp. of a place or person),mood,vibe,ambience,,,,,,,,,,,,,,,,,,,,,,,,,,,,,,,,,,,,,,,,,,,,,,,,,,,,,,,,,,,,,,,,,,,,,,,,,,,
75001,繰り言;繰言 [くりごと] ,(n) (1) tedious talk,repetition,complaint,(2) (obsc) tongue-twister,,,,,,,,,,,,,,,,,,,,,,,,,,,,,,,,,,,,,,,,,,,,,,,,,,,,,,,,,,,,,,,,,,,,,,,,,,,
75501,係り合い;かかり合い;掛かり合い;掛り合い [かかりあい] ,(n) relationship,connection,involvement,entanglement,implication (e.g. in a crime),,,,,,,,,,,,,,,,,,,,,,,,,,,,,,,,,,,,,,,,,,,,,,,,,,,,,,,,,,,,,,,,,,,,,,,,,,
76001,景況 [けいきょう] ,(n) situation,business climate,outlook,,,,,,,,,,,,,,,,,,,,,,,,,,,,,,,,,,,,,,,,,,,,,,,,,,,,,,,,,,,,,,,,,,,,,,,,,,,,
76501,計算機出力マイクロフィルム印字装置 [けいさんきしゅつりょくマイクロフィルムいんじそうち] ,(n) {comp} computer output microfilm printer,COM printer,,,,,,,,,,,,,,,,,,,,,,,,,,,,,,,,,,,,,,,,,,,,,,,,,,,,,,,,,,,,,,,,,,,,,,,,,,,,,
77001,激動 [げきどう] ,"(n,vs) violent shock",agitation,turbulence,turmoil,upheaval,excitement,(P),,,,,,,,,,,,,,,,,,,,,,,,,,,,,,,,,,,,,,,,,,,,,,,,,,,,,,,,,,,,,,,,,,,,,,,,
77501,血管作動物質 [けっかんさどうぶっしつ] ,(n) vasoactive substances,vasoactive agents,,,,,,,,,,,,,,,,,,,,,,,,,,,,,,,,,,,,,,,,,,,,,,,,,,,,,,,,,,,,,,,,,,,,,,,,,,,,,
78001,堅守 [けんしゅ] ,"(n,vs) strong defense",strong defence,,,,,,,,,,,,,,,,,,,,,,,,,,,,,,,,,,,,,,,,,,,,,,,,,,,,,,,,,,,,,,,,,,,,,,,,,,,,,
78501,犬馬 [けんば] ,(n) dogs and horses,one's humble self,,,,,,,,,,,,,,,,,,,,,,,,,,,,,,,,,,,,,,,,,,,,,,,,,,,,,,,,,,,,,,,,,,,,,,,,,,,,,
79001,見切り線 [みきりせん] ,(n) boundary,edge,break line,,,,,,,,,,,,,,,,,,,,,,,,,,,,,,,,,,,,,,,,,,,,,,,,,,,,,,,,,,,,,,,,,,,,,,,,,,,,
79501,原子時代 [げんしじだい] ,(n) atomic age,,,,,,,,,,,,,,,,,,,,,,,,,,,,,,,,,,,,,,,,,,,,,,,,,,,,,,,,,,,,,,,,,,,,,,,,,,,,,,
80001,現在行番号 [げんざいぎょうばんごう] ,(n) {comp} current line number,,,,,,,,,,,,,,,,,,,,,,,,,,,,,,,,,,,,,,,,,,,,,,,,,,,,,,,,,,,,,,,,,,,,,,,,,,,,,,
80501,限界収入 [げんかいしゅうにゅう] ,(n) marginal revenue,,,,,,,,,,,,,,,,,,,,,,,,,,,,,,,,,,,,,,,,,,,,,,,,,,,,,,,,,,,,,,,,,,,,,,,,,,,,,,
81001,固唾 [かたず;かたづ] ,(n) (See 固唾をのむ・かたずをのむ) saliva held in one's mouth during times of tension,,,,,,,,,,,,,,,,,,,,,,,,,,,,,,,,,,,,,,,,,,,,,,,,,,,,,,,,,,,,,,,,,,,,,,,,,,,,,,
81501,雇い入れる [やといいれる] ,"(v1,vt) to employ",to engage,,,,,,,,,,,,,,,,,,,,,,,,,,,,,,,,,,,,,,,,,,,,,,,,,,,,,,,,,,,,,,,,,,,,,,,,,,,,,
82001,後作 [あとさく] ,(n) second crop,,,,,,,,,,,,,,,,,,,,,,,,,,,,,,,,,,,,,,,,,,,,,,,,,,,,,,,,,,,,,,,,,,,,,,,,,,,,,,
82501,語り部;語りべ;語部 [かたりべ] ,(n) (1) (professional) storyteller,(2) hereditary role of narrator in early imperial court,,,,,,,,,,,,,,,,,,,,,,,,,,,,,,,,,,,,,,,,,,,,,,,,,,,,,,,,,,,,,,,,,,,,,,,,,,,,,
83001,光景 [こうけい] ,(n) scene,spectacle,sight,view,(P),,,,,,,,,,,,,,,,,,,,,,,,,,,,,,,,,,,,,,,,,,,,,,,,,,,,,,,,,,,,,,,,,,,,,,,,,,
83501,功夫 [カンフー;クンフー] ,(n) (uk) {MA} kung fu (chi: go'ngfu),,,,,,,,,,,,,,,,,,,,,,,,,,,,,,,,,,,,,,,,,,,,,,,,,,,,,,,,,,,,,,,,,,,,,,,,,,,,,,
84001,喉歌;のど歌 [のどうた] ,(n) overtone singing,throat singing,,,,,,,,,,,,,,,,,,,,,,,,,,,,,,,,,,,,,,,,,,,,,,,,,,,,,,,,,,,,,,,,,,,,,,,,,,,,,
84501,康保 [こうほう] ,(n) Kōhō era (964.7.10-968.8.13),,,,,,,,,,,,,,,,,,,,,,,,,,,,,,,,,,,,,,,,,,,,,,,,,,,,,,,,,,,,,,,,,,,,,,,,,,,,,,
85001,溝掘り機 [みぞほりき] ,(n) ditching machine,,,,,,,,,,,,,,,,,,,,,,,,,,,,,,,,,,,,,,,,,,,,,,,,,,,,,,,,,,,,,,,,,,,,,,,,,,,,,,
85501,航空運賃 [こうくううんちん] ,(n) airfare,,,,,,,,,,,,,,,,,,,,,,,,,,,,,,,,,,,,,,,,,,,,,,,,,,,,,,,,,,,,,,,,,,,,,,,,,,,,,,
86001,鉱化 [こうか] ,"(n,vs) mineralize",mineralise,,,,,,,,,,,,,,,,,,,,,,,,,,,,,,,,,,,,,,,,,,,,,,,,,,,,,,,,,,,,,,,,,,,,,,,,,,,,,
86501,高速通信網 [こうそくつうしんもう] ,(n) {comp} high speed network,,,,,,,,,,,,,,,,,,,,,,,,,,,,,,,,,,,,,,,,,,,,,,,,,,,,,,,,,,,,,,,,,,,,,,,,,,,,,,
87001,拷訊 [ごうじん] ,(n) (obsc) (See 拷問) torture,,,,,,,,,,,,,,,,,,,,,,,,,,,,,,,,,,,,,,,,,,,,,,,,,,,,,,,,,,,,,,,,,,,,,,,,,,,,,,
87501,国鉄 [こくてつ] ,"(n) (abbr) (See 国有鉄道,日本国有鉄道) national railway (esp. former Japan National Railways)",(P),,,,,,,,,,,,,,,,,,,,,,,,,,,,,,,,,,,,,,,,,,,,,,,,,,,,,,,,,,,,,,,,,,,,,,,,,,,,,
88001,獄門 [ごくもん] ,(n) prison gate,,,,,,,,,,,,,,,,,,,,,,,,,,,,,,,,,,,,,,,,,,,,,,,,,,,,,,,,,,,,,,,,,,,,,,,,,,,,,,
88501,懇情 [こんじょう] ,(n) kindliness,,,,,,,,,,,,,,,,,,,,,,,,,,,,,,,,,,,,,,,,,,,,,,,,,,,,,,,,,,,,,,,,,,,,,,,,,,,,,,
89001,差し湯 [さしゆ] ,(n) (addition of) hot water,,,,,,,,,,,,,,,,,,,,,,,,,,,,,,,,,,,,,,,,,,,,,,,,,,,,,,,,,,,,,,,,,,,,,,,,,,,,,,
89501,再生機器 [さいせいきき] ,(n) playback equipment,playback device,,,,,,,,,,,,,,,,,,,,,,,,,,,,,,,,,,,,,,,,,,,,,,,,,,,,,,,,,,,,,,,,,,,,,,,,,,,,,
90001,才物 [さいぶつ] ,(n) talented person,clever person,,,,,,,,,,,,,,,,,,,,,,,,,,,,,,,,,,,,,,,,,,,,,,,,,,,,,,,,,,,,,,,,,,,,,,,,,,,,,
90501,在外 [ざいがい] ,"(n,adj-no) overseas",abroad,(P),,,,,,,,,,,,,,,,,,,,,,,,,,,,,,,,,,,,,,,,,,,,,,,,,,,,,,,,,,,,,,,,,,,,,,,,,,,,
91001,柵 [さく] ,(n) fence,paling,railing,(P),,,,,,,,,,,,,,,,,,,,,,,,,,,,,,,,,,,,,,,,,,,,,,,,,,,,,,,,,,,,,,,,,,,,,,,,,,,
91501,三界 [さんがい] ,"(n) (1) {Buddh} (See 欲界,色界,無色界) the three realms of existence",(2) (abbr) {Buddh} (See 三千大千世界) the whole universe (of a billion worlds) that Buddha enlightened,"(3) {Buddh} (See 三世・さんぜ・1) past, present and future existences",(suf) (4) far-off ...,distant ...,,,,,,,,,,,,,,,,,,,,,,,,,,,,,,,,,,,,,,,,,,,,,,,,,,,,,,,,,,,,,,,,,,,,,,,,,,
92001,三論 [さんろん] ,(n) (abbr) (See 三論宗) Sanron sect (of Buddhism),,,,,,,,,,,,,,,,,,,,,,,,,,,,,,,,,,,,,,,,,,,,,,,,,,,,,,,,,,,,,,,,,,,,,,,,,,,,,,
92501,散楽 [さんがく] ,(n) (See 猿楽・1) form of ancient Chinese entertainment similar to a circus (brought to Japan during the Nara period),,,,,,,,,,,,,,,,,,,,,,,,,,,,,,,,,,,,,,,,,,,,,,,,,,,,,,,,,,,,,,,,,,,,,,,,,,,,,,
93001,残喘 [ざんぜん] ,(n) (arch) the remainder of one's life,,,,,,,,,,,,,,,,,,,,,,,,,,,,,,,,,,,,,,,,,,,,,,,,,,,,,,,,,,,,,,,,,,,,,,,,,,,,,,
93501,四海波静か [しかいなみしずか] ,(exp) (id) The world is at peace,,,,,,,,,,,,,,,,,,,,,,,,,,,,,,,,,,,,,,,,,,,,,,,,,,,,,,,,,,,,,,,,,,,,,,,,,,,,,,
94001,市に虎を放つ [いちにとらをはなつ] ,(v5t) (id) to let a fox into the henhouse,to do something dangerous,to let loose a tiger in the marketplace,,,,,,,,,,,,,,,,,,,,,,,,,,,,,,,,,,,,,,,,,,,,,,,,,,,,,,,,,,,,,,,,,,,,,,,,,,,,
94501,指標付き色指定 [しひょうつきいろしてい] ,(n) {comp} indexed colour,,,,,,,,,,,,,,,,,,,,,,,,,,,,,,,,,,,,,,,,,,,,,,,,,,,,,,,,,,,,,,,,,,,,,,,,,,,,,,
95001,私 [わたい] ,(n) (arch) (ktb:) I,me,,,,,,,,,,,,,,,,,,,,,,,,,,,,,,,,,,,,,,,,,,,,,,,,,,,,,,,,,,,,,,,,,,,,,,,,,,,,,
95501,視聴覚教材 [しちょうかくきょうざい] ,(n) audiovisual educational materials,,,,,,,,,,,,,,,,,,,,,,,,,,,,,,,,,,,,,,,,,,,,,,,,,,,,,,,,,,,,,,,,,,,,,,,,,,,,,,
96001,歯痛 [しつう;はいた] ,"(n,adj-no) toothache",,,,,,,,,,,,,,,,,,,,,,,,,,,,,,,,,,,,,,,,,,,,,,,,,,,,,,,,,,,,,,,,,,,,,,,,,,,,,,
96501,持ち古す [もちふるす] ,"(v5s,vt) to have long in use",,,,,,,,,,,,,,,,,,,,,,,,,,,,,,,,,,,,,,,,,,,,,,,,,,,,,,,,,,,,,,,,,,,,,,,,,,,,,,
97001,磁気ストライプ [じきストライプ] ,(n) magnetic stripe,,,,,,,,,,,,,,,,,,,,,,,,,,,,,,,,,,,,,,,,,,,,,,,,,,,,,,,,,,,,,,,,,,,,,,,,,,,,,,
97501,自習時間 [じしゅうじかん] ,(n) study time,,,,,,,,,,,,,,,,,,,,,,,,,,,,,,,,,,,,,,,,,,,,,,,,,,,,,,,,,,,,,,,,,,,,,,,,,,,,,,
98001,自由民主党 [じゆうみんしゅとう] ,(n) (1) (See 自民党) Liberal Democratic Party,LDP,(2) Free Democratic Party (Germany),FDP,,,,,,,,,,,,,,,,,,,,,,,,,,,,,,,,,,,,,,,,,,,,,,,,,,,,,,,,,,,,,,,,,,,,,,,,,,,
98501,湿布薬 [しっぷやく] ,(n) poultice,cataplasm,,,,,,,,,,,,,,,,,,,,,,,,,,,,,,,,,,,,,,,,,,,,,,,,,,,,,,,,,,,,,,,,,,,,,,,,,,,,,
99001,芝刈り;芝刈 [しばかり] ,(n) lawn mowing,,,,,,,,,,,,,,,,,,,,,,,,,,,,,,,,,,,,,,,,,,,,,,,,,,,,,,,,,,,,,,,,,,,,,,,,,,,,,,
99501,社大党 [しゃだいとう] ,"(n) (abbr) (See 沖縄社会大衆党,社会大衆党) Socialist Masses Party",,,,,,,,,,,,,,,,,,,,,,,,,,,,,,,,,,,,,,,,,,,,,,,,,,,,,,,,,,,,,,,,,,,,,,,,,,,,,,
100001,若年寄;若年寄り [わかどしより] ,(n) (1) young person acting like an old person,(2) (See 老中) officials who helped the council of elders during the Edo period,,,,,,,,,,,,,,,,,,,,,,,,,,,,,,,,,,,,,,,,,,,,,,,,,,,,,,,,,,,,,,,,,,,,,,,,,,,,,
100501,取り消し(P);取消し(P);取消 [とりけし] ,(n) cancellation,withdrawal,abolition,revocation,cancel,CAN,(P),,,,,,,,,,,,,,,,,,,,,,,,,,,,,,,,,,,,,,,,,,,,,,,,,,,,,,,,,,,,,,,,,,,,,,,,
101001,手招く [てまねく] ,(v5k) to beckon,,,,,,,,,,,,,,,,,,,,,,,,,,,,,,,,,,,,,,,,,,,,,,,,,,,,,,,,,,,,,,,,,,,,,,,,,,,,,,
101501,首をかしげる;首を傾げる [くびをかしげる] ,"(exp,v1) to incline one's head to the side (in doubt)",to tilt one's head to the side (in confusion),to be puzzled,,,,,,,,,,,,,,,,,,,,,,,,,,,,,,,,,,,,,,,,,,,,,,,,,,,,,,,,,,,,,,,,,,,,,,,,,,,,
102001,収入源 [しゅうにゅうげん] ,(n) source of income,,,,,,,,,,,,,,,,,,,,,,,,,,,,,,,,,,,,,,,,,,,,,,,,,,,,,,,,,,,,,,,,,,,,,,,,,,,,,,
102501,秋夕 [しゅうせき;チュソク] ,(n) (1) (しゅうせき only) autumn evening,(2) Chuseok,Korean Thanksgiving,,,,,,,,,,,,,,,,,,,,,,,,,,,,,,,,,,,,,,,,,,,,,,,,,,,,,,,,,,,,,,,,,,,,,,,,,,,,
103001,醜形恐怖症 [しゅうけいきょうふしょう] ,(n) dysmorphophobia,body dysmorphic disorder,cacophobia,,,,,,,,,,,,,,,,,,,,,,,,,,,,,,,,,,,,,,,,,,,,,,,,,,,,,,,,,,,,,,,,,,,,,,,,,,,,
103501,縦続 [じゅうぞく] ,(n) concatenation,cascade (connection),,,,,,,,,,,,,,,,,,,,,,,,,,,,,,,,,,,,,,,,,,,,,,,,,,,,,,,,,,,,,,,,,,,,,,,,,,,,,
104001,縮約 [しゅくやく] ,"(n,vs) {math} contraction",,,,,,,,,,,,,,,,,,,,,,,,,,,,,,,,,,,,,,,,,,,,,,,,,,,,,,,,,,,,,,,,,,,,,,,,,,,,,,
104501,出来高 [できだか] ,"(n,adj-f) yield",crop,production,volume,piecework,(P),,,,,,,,,,,,,,,,,,,,,,,,,,,,,,,,,,,,,,,,,,,,,,,,,,,,,,,,,,,,,,,,,,,,,,,,,
105001,巡り歩く [めぐりあるく] ,(v5k) to walk around,to travel around,,,,,,,,,,,,,,,,,,,,,,,,,,,,,,,,,,,,,,,,,,,,,,,,,,,,,,,,,,,,,,,,,,,,,,,,,,,,,
105501,所払い [ところばらい] ,(n) (historical) banishment from one's residence as a form of judicial punishment,,,,,,,,,,,,,,,,,,,,,,,,,,,,,,,,,,,,,,,,,,,,,,,,,,,,,,,,,,,,,,,,,,,,,,,,,,,,,,
106001,女顔 [おんながお] ,(n) feminine features,having a girl's face (for a man),girly face,,,,,,,,,,,,,,,,,,,,,,,,,,,,,,,,,,,,,,,,,,,,,,,,,,,,,,,,,,,,,,,,,,,,,,,,,,,,
106501,召天 [しょうてん] ,"(n,vs) (See 帰天) death (of a Christian)",,,,,,,,,,,,,,,,,,,,,,,,,,,,,,,,,,,,,,,,,,,,,,,,,,,,,,,,,,,,,,,,,,,,,,,,,,,,,,
107001,小児麻痺 [しょうにまひ] ,(n) poliomyelitis,polio,infantile paralysis,,,,,,,,,,,,,,,,,,,,,,,,,,,,,,,,,,,,,,,,,,,,,,,,,,,,,,,,,,,,,,,,,,,,,,,,,,,,
107501,少林流 [しょうりんりゅう] ,(n) {MA} (Shorin-ryu) Okinawa school of karate,,,,,,,,,,,,,,,,,,,,,,,,,,,,,,,,,,,,,,,,,,,,,,,,,,,,,,,,,,,,,,,,,,,,,,,,,,,,,,
108001,焼き絵 [やきえ] ,(n) pyrograph,,,,,,,,,,,,,,,,,,,,,,,,,,,,,,,,,,,,,,,,,,,,,,,,,,,,,,,,,,,,,,,,,,,,,,,,,,,,,,
108501,象牙色 [ぞうげいろ] ,(n) ivory-white,,,,,,,,,,,,,,,,,,,,,,,,,,,,,,,,,,,,,,,,,,,,,,,,,,,,,,,,,,,,,,,,,,,,,,,,,,,,,,
109001,上白糖 [じょうはくとう] ,(n) caster sugar,,,,,,,,,,,,,,,,,,,,,,,,,,,,,,,,,,,,,,,,,,,,,,,,,,,,,,,,,,,,,,,,,,,,,,,,,,,,,,
109501,常連(P);定連 [じょうれん] ,"(n,adj-no) (1) regular customer",regular patron,frequenter,(2) constant companion,(P),,,,,,,,,,,,,,,,,,,,,,,,,,,,,,,,,,,,,,,,,,,,,,,,,,,,,,,,,,,,,,,,,,,,,,,,,,
110001,植物繊維 [しょくぶつせんい] ,(n) vegetable fibre (fiber),,,,,,,,,,,,,,,,,,,,,,,,,,,,,,,,,,,,,,,,,,,,,,,,,,,,,,,,,,,,,,,,,,,,,,,,,,,,,,
110501,食事療法学 [しょくじりょうほうがく] ,(n) dietetics,,,,,,,,,,,,,,,,,,,,,,,,,,,,,,,,,,,,,,,,,,,,,,,,,,,,,,,,,,,,,,,,,,,,,,,,,,,,,,
111001,寝息を立てる;寝息をたてる [ねいきをたてる] ,"(exp,v1) to breathe while sleeping",,,,,,,,,,,,,,,,,,,,,,,,,,,,,,,,,,,,,,,,,,,,,,,,,,,,,,,,,,,,,,,,,,,,,,,,,,,,,,
111501,振休 [ふりきゅう] ,(n) (abbr) (See 振替休日・ふりかえきゅうじつ) substitute national holiday,day off in lieu of a national holiday that falls on a Sunday,compensatory holiday,,,,,,,,,,,,,,,,,,,,,,,,,,,,,,,,,,,,,,,,,,,,,,,,,,,,,,,,,,,,,,,,,,,,,,,,,,,,
112001,深在性真菌 [しんざいせいしんきん] ,(n) cryptosporidium,,,,,,,,,,,,,,,,,,,,,,,,,,,,,,,,,,,,,,,,,,,,,,,,,,,,,,,,,,,,,,,,,,,,,,,,,,,,,,
112501,神掛けて;神かけて [かみかけて] ,(adv) swear by god,absolutely,,,,,,,,,,,,,,,,,,,,,,,,,,,,,,,,,,,,,,,,,,,,,,,,,,,,,,,,,,,,,,,,,,,,,,,,,,,,,
113001,親方株 [おやかたかぶ] ,(n) {sumo} coach's name-use license (licence),,,,,,,,,,,,,,,,,,,,,,,,,,,,,,,,,,,,,,,,,,,,,,,,,,,,,,,,,,,,,,,,,,,,,,,,,,,,,,
113501,人だかり(P);人集り [ひとだかり] ,"(n,vs) crowd",throng,(P),,,,,,,,,,,,,,,,,,,,,,,,,,,,,,,,,,,,,,,,,,,,,,,,,,,,,,,,,,,,,,,,,,,,,,,,,,,,
114001,人造米 [じんぞうまい] ,(n) imitation rice,,,,,,,,,,,,,,,,,,,,,,,,,,,,,,,,,,,,,,,,,,,,,,,,,,,,,,,,,,,,,,,,,,,,,,,,,,,,,,
114501,吹き下ろす [ふきおろす] ,"(v5s,vi) to blow down upon",,,,,,,,,,,,,,,,,,,,,,,,,,,,,,,,,,,,,,,,,,,,,,,,,,,,,,,,,,,,,,,,,,,,,,,,,,,,,,
115001,水浅葱 [みずあさぎ] ,(n) light light blue,pale blue,,,,,,,,,,,,,,,,,,,,,,,,,,,,,,,,,,,,,,,,,,,,,,,,,,,,,,,,,,,,,,,,,,,,,,,,,,,,,
115501,数寄屋足袋 [すきやたび] ,"(n) (See 足袋) white tabi made from silk, cotton, etc.",,,,,,,,,,,,,,,,,,,,,,,,,,,,,,,,,,,,,,,,,,,,,,,,,,,,,,,,,,,,,,,,,,,,,,,,,,,,,,
116001,畝間 [うねま] ,(n) furrow,room with ridged roof,,,,,,,,,,,,,,,,,,,,,,,,,,,,,,,,,,,,,,,,,,,,,,,,,,,,,,,,,,,,,,,,,,,,,,,,,,,,,
116501,政教分離 [せいきょうぶんり] ,(n) (yoji) separation of church and state,,,,,,,,,,,,,,,,,,,,,,,,,,,,,,,,,,,,,,,,,,,,,,,,,,,,,,,,,,,,,,,,,,,,,,,,,,,,,,
117001,正弦 [せいげん] ,(n) {math} sine,,,,,,,,,,,,,,,,,,,,,,,,,,,,,,,,,,,,,,,,,,,,,,,,,,,,,,,,,,,,,,,,,,,,,,,,,,,,,,
117501,生活習慣病 [せいかつしゅうかんびょう] ,(n) lifestyle disease,,,,,,,,,,,,,,,,,,,,,,,,,,,,,,,,,,,,,,,,,,,,,,,,,,,,,,,,,,,,,,,,,,,,,,,,,,,,,,
118001,精神医学者 [せいしんいがくしゃ] ,(n) psychiatrist,,,,,,,,,,,,,,,,,,,,,,,,,,,,,,,,,,,,,,,,,,,,,,,,,,,,,,,,,,,,,,,,,,,,,,,,,,,,,,
118501,西郊 [せいこう] ,(n) (obsc) western suburb,,,,,,,,,,,,,,,,,,,,,,,,,,,,,,,,,,,,,,,,,,,,,,,,,,,,,,,,,,,,,,,,,,,,,,,,,,,,,,
119001,斉衡 [さいこう] ,(n) Saikō era (854.11.30-857.2.21),,,,,,,,,,,,,,,,,,,,,,,,,,,,,,,,,,,,,,,,,,,,,,,,,,,,,,,,,,,,,,,,,,,,,,,,,,,,,,
119501,責任を持って [せきにんをもって] ,"(exp,adv) responsibly",properly,correctly,,,,,,,,,,,,,,,,,,,,,,,,,,,,,,,,,,,,,,,,,,,,,,,,,,,,,,,,,,,,,,,,,,,,,,,,,,,,
120001,切れない;切れ無い [きれない] ,"(aux-adj,adj-i) (uk) being too many (to finish or complete)",being too much,,,,,,,,,,,,,,,,,,,,,,,,,,,,,,,,,,,,,,,,,,,,,,,,,,,,,,,,,,,,,,,,,,,,,,,,,,,,,
120501,説話集 [せつわしゅう] ,"(n) collection of stories (esp. myths, legends, etc.)",,,,,,,,,,,,,,,,,,,,,,,,,,,,,,,,,,,,,,,,,,,,,,,,,,,,,,,,,,,,,,,,,,,,,,,,,,,,,,
121001,先述 [せんじゅつ] ,"(adj-no,n,vs) (See 前述) aforementioned",above-mentioned,,,,,,,,,,,,,,,,,,,,,,,,,,,,,,,,,,,,,,,,,,,,,,,,,,,,,,,,,,,,,,,,,,,,,,,,,,,,,
121501,尖頭器 [せんとうき] ,(n) projectile point,point,,,,,,,,,,,,,,,,,,,,,,,,,,,,,,,,,,,,,,,,,,,,,,,,,,,,,,,,,,,,,,,,,,,,,,,,,,,,,
122001,潜水 [せんすい] ,"(n,vs) diving",submerging,going underwater,(P),,,,,,,,,,,,,,,,,,,,,,,,,,,,,,,,,,,,,,,,,,,,,,,,,,,,,,,,,,,,,,,,,,,,,,,,,,,
122501,遷座 [せんざ] ,"(n,vs) relocation of a shrine",transfer of an object of worship,,,,,,,,,,,,,,,,,,,,,,,,,,,,,,,,,,,,,,,,,,,,,,,,,,,,,,,,,,,,,,,,,,,,,,,,,,,,,
123001,然;爾 [しか] ,(int) (1) (arch) like that,as such,(2) yeah,uh-huh,,,,,,,,,,,,,,,,,,,,,,,,,,,,,,,,,,,,,,,,,,,,,,,,,,,,,,,,,,,,,,,,,,,,,,,,,,,
123501,祖 [そ] ,(n) ancestor,forefather,progenitor,(P),,,,,,,,,,,,,,,,,,,,,,,,,,,,,,,,,,,,,,,,,,,,,,,,,,,,,,,,,,,,,,,,,,,,,,,,,,,
124001,創作家 [そうさくか] ,(n) creative writer,,,,,,,,,,,,,,,,,,,,,,,,,,,,,,,,,,,,,,,,,,,,,,,,,,,,,,,,,,,,,,,,,,,,,,,,,,,,,,
124501,早慶 [そうけい] ,(n) (See 早慶戦) Waseda-Keio,,,,,,,,,,,,,,,,,,,,,,,,,,,,,,,,,,,,,,,,,,,,,,,,,,,,,,,,,,,,,,,,,,,,,,,,,,,,,,
125001,窓外放出 [そうがいほうしゅつ] ,(n) defenestration (throwing something or somebody out the window),,,,,,,,,,,,,,,,,,,,,,,,,,,,,,,,,,,,,,,,,,,,,,,,,,,,,,,,,,,,,,,,,,,,,,,,,,,,,,
125501,走行性能 [そうこうせいのう] ,(n) road holding,roadability,travelling performance,driveability,,,,,,,,,,,,,,,,,,,,,,,,,,,,,,,,,,,,,,,,,,,,,,,,,,,,,,,,,,,,,,,,,,,,,,,,,,,
126001,即ハメ [そくハメ] ,"(n) (sl) (See 即・そく・1,ハメ) instant fuck",having sex immediately (after meeting),easy lay,,,,,,,,,,,,,,,,,,,,,,,,,,,,,,,,,,,,,,,,,,,,,,,,,,,,,,,,,,,,,,,,,,,,,,,,,,,,
126501,属性値表現 [ぞくせいちひょうげん] ,(n) {comp} attribute value literal,,,,,,,,,,,,,,,,,,,,,,,,,,,,,,,,,,,,,,,,,,,,,,,,,,,,,,,,,,,,,,,,,,,,,,,,,,,,,,
127001,多価ワクチン [たかワクチン] ,(n) multivalent vaccine,polyvalent vaccine,,,,,,,,,,,,,,,,,,,,,,,,,,,,,,,,,,,,,,,,,,,,,,,,,,,,,,,,,,,,,,,,,,,,,,,,,,,,,
127501,打ち下ろす [うちおろす] ,"(v5s,vt) to strike someone a blow",to bring down (a stick on someone's head),,,,,,,,,,,,,,,,,,,,,,,,,,,,,,,,,,,,,,,,,,,,,,,,,,,,,,,,,,,,,,,,,,,,,,,,,,,,,
128001,対象体記述部 [たいしょうたいきじゅつぶ] ,(n) {comp} object description,,,,,,,,,,,,,,,,,,,,,,,,,,,,,,,,,,,,,,,,,,,,,,,,,,,,,,,,,,,,,,,,,,,,,,,,,,,,,,
128501,貸し自動車 [かしじどうしゃ] ,(n) rental car,,,,,,,,,,,,,,,,,,,,,,,,,,,,,,,,,,,,,,,,,,,,,,,,,,,,,,,,,,,,,,,,,,,,,,,,,,,,,,
129001,大を成す [だいをなす] ,"(exp,v5s) to achieve greatness",to achieve success,,,,,,,,,,,,,,,,,,,,,,,,,,,,,,,,,,,,,,,,,,,,,,,,,,,,,,,,,,,,,,,,,,,,,,,,,,,,,
129501,大資本 [だいしほん] ,"(n,adj-f) large amount of capital",large-cap,big-cap,,,,,,,,,,,,,,,,,,,,,,,,,,,,,,,,,,,,,,,,,,,,,,,,,,,,,,,,,,,,,,,,,,,,,,,,,,,,
130001,大風 [おおかぜ;たいふう] ,(n) gale,strong wind,high wind,,,,,,,,,,,,,,,,,,,,,,,,,,,,,,,,,,,,,,,,,,,,,,,,,,,,,,,,,,,,,,,,,,,,,,,,,,,,
130501,琢磨 [たくま] ,"(n,vs) polish (jewels)",cultivation,(P),,,,,,,,,,,,,,,,,,,,,,,,,,,,,,,,,,,,,,,,,,,,,,,,,,,,,,,,,,,,,,,,,,,,,,,,,,,,
131001,単坐機;単座機 [たんざき] ,(n) single-seated plane,single-seater,,,,,,,,,,,,,,,,,,,,,,,,,,,,,,,,,,,,,,,,,,,,,,,,,,,,,,,,,,,,,,,,,,,,,,,,,,,,,
131501,端脚類 [たんきゃくるい] ,(n) amphipods,,,,,,,,,,,,,,,,,,,,,,,,,,,,,,,,,,,,,,,,,,,,,,,,,,,,,,,,,,,,,,,,,,,,,,,,,,,,,,
132001,男女共同参画社会基本法 [だんじょきょうどうさんかくしゃかいきほんほう] ,(n) Basic Law for a Gender-Equal Society (1999),,,,,,,,,,,,,,,,,,,,,,,,,,,,,,,,,,,,,,,,,,,,,,,,,,,,,,,,,,,,,,,,,,,,,,,,,,,,,,
132501,地誌 [ちし] ,(n) topography,(P),,,,,,,,,,,,,,,,,,,,,,,,,,,,,,,,,,,,,,,,,,,,,,,,,,,,,,,,,,,,,,,,,,,,,,,,,,,,,
133001,築地塀 [ついじべい] ,(n) (See 築地・ついじ) mud wall with a roof,roofed mud wall,,,,,,,,,,,,,,,,,,,,,,,,,,,,,,,,,,,,,,,,,,,,,,,,,,,,,,,,,,,,,,,,,,,,,,,,,,,,,
133501,中音 [ちゅうおん] ,(n) (1) {music} mediant,(2) baritone,contralto,(3) medium tone,medium pitch,,,,,,,,,,,,,,,,,,,,,,,,,,,,,,,,,,,,,,,,,,,,,,,,,,,,,,,,,,,,,,,,,,,,,,,,,,
134001,中労委 [ちゅうろうい] ,(n) (abbr) Central Labor Relations Committee,,,,,,,,,,,,,,,,,,,,,,,,,,,,,,,,,,,,,,,,,,,,,,,,,,,,,,,,,,,,,,,,,,,,,,,,,,,,,,
134501,著莪 [しゃが;シャガ] ,(n) (uk) (See 姫著莪) fringed iris (Iris japonica),Japanese iris,,,,,,,,,,,,,,,,,,,,,,,,,,,,,,,,,,,,,,,,,,,,,,,,,,,,,,,,,,,,,,,,,,,,,,,,,,,,,
135001,町村制 [ちょうそんせい] ,(n) municipal system,,,,,,,,,,,,,,,,,,,,,,,,,,,,,,,,,,,,,,,,,,,,,,,,,,,,,,,,,,,,,,,,,,,,,,,,,,,,,,
135501,跳馬 [ちょうば] ,(n) long horse (for vaulting),,,,,,,,,,,,,,,,,,,,,,,,,,,,,,,,,,,,,,,,,,,,,,,,,,,,,,,,,,,,,,,,,,,,,,,,,,,,,,
136001,直収 [ちょくしゅう] ,(n) (abbr) (See 直接収容) dedicated line (e.g. phone service),,,,,,,,,,,,,,,,,,,,,,,,,,,,,,,,,,,,,,,,,,,,,,,,,,,,,,,,,,,,,,,,,,,,,,,,,,,,,,
136501,追起訴 [ついきそ] ,"(n,vs) supplementary indictment",,,,,,,,,,,,,,,,,,,,,,,,,,,,,,,,,,,,,,,,,,,,,,,,,,,,,,,,,,,,,,,,,,,,,,,,,,,,,,
137001,辻取り;辻捕り;辻取(io);辻捕(io) [つじとり] ,(n) (arch) taking a wife by kidnapping a woman passing by on the road,,,,,,,,,,,,,,,,,,,,,,,,,,,,,,,,,,,,,,,,,,,,,,,,,,,,,,,,,,,,,,,,,,,,,,,,,,,,,,
137501,定額保険 [ていがくほけん] ,(n) (See 変額保険) fixed amount insurance,fixed return insurance,,,,,,,,,,,,,,,,,,,,,,,,,,,,,,,,,,,,,,,,,,,,,,,,,,,,,,,,,,,,,,,,,,,,,,,,,,,,,
138001,"泥の木;泥柳;白楊 [どろのき(泥の木,白楊);どろやなぎ(泥柳,白楊);ドロノキ;ドロヤナギ] ",(n) (uk) Japanese poplar (Populus maximowiczii),,,,,,,,,,,,,,,,,,,,,,,,,,,,,,,,,,,,,,,,,,,,,,,,,,,,,,,,,,,,,,,,,,,,,,,,,,,,,,
138501,典礼 [てんれい] ,"(n,adj-no) ceremony",etiquette,courtesy,(Catholic) liturgy,,,,,,,,,,,,,,,,,,,,,,,,,,,,,,,,,,,,,,,,,,,,,,,,,,,,,,,,,,,,,,,,,,,,,,,,,,,
139001,天理人情 [てんりにんじょう] ,(n) (yoji) the laws of nature and humanity,,,,,,,,,,,,,,,,,,,,,,,,,,,,,,,,,,,,,,,,,,,,,,,,,,,,,,,,,,,,,,,,,,,,,,,,,,,,,,
139501,伝導率 [でんどうりつ] ,(n) conductivity,,,,,,,,,,,,,,,,,,,,,,,,,,,,,,,,,,,,,,,,,,,,,,,,,,,,,,,,,,,,,,,,,,,,,,,,,,,,,,
140001,電脳空間 [でんのうくうかん] ,(n) (See サイバースペース) cyberspace,,,,,,,,,,,,,,,,,,,,,,,,,,,,,,,,,,,,,,,,,,,,,,,,,,,,,,,,,,,,,,,,,,,,,,,,,,,,,,
140501,都合次第 [つごうしだい] ,(n) (yoji) depending on the (one's) situation (circumstances),at one's pleasure,,,,,,,,,,,,,,,,,,,,,,,,,,,,,,,,,,,,,,,,,,,,,,,,,,,,,,,,,,,,,,,,,,,,,,,,,,,,,
141001,冬野菜 [ふゆやさい] ,(n) winter vegetables,,,,,,,,,,,,,,,,,,,,,,,,,,,,,,,,,,,,,,,,,,,,,,,,,,,,,,,,,,,,,,,,,,,,,,,,,,,,,,
141501,東南アジア [とうなんアジア] ,(n) Southeast Asia,,,,,,,,,,,,,,,,,,,,,,,,,,,,,,,,,,,,,,,,,,,,,,,,,,,,,,,,,,,,,,,,,,,,,,,,,,,,,,
142001,等方的 [とうほうてき] ,(adj-na) isotropic,,,,,,,,,,,,,,,,,,,,,,,,,,,,,,,,,,,,,,,,,,,,,,,,,,,,,,,,,,,,,,,,,,,,,,,,,,,,,,
142501,頭が良い;頭がよい [あたまがよい] ,"(exp,adj-i) (ant: 頭が悪い) bright",intelligent,,,,,,,,,,,,,,,,,,,,,,,,,,,,,,,,,,,,,,,,,,,,,,,,,,,,,,,,,,,,,,,,,,,,,,,,,,,,,
143001,同行二人 [どうぎょうににん] ,(n) (See 四国遍路) Kobo Daishi is always with me (written on the hats of Shikoku pilgrims),,,,,,,,,,,,,,,,,,,,,,,,,,,,,,,,,,,,,,,,,,,,,,,,,,,,,,,,,,,,,,,,,,,,,,,,,,,,,,
143501,道辺 [みちべ] ,(n) roadside,,,,,,,,,,,,,,,,,,,,,,,,,,,,,,,,,,,,,,,,,,,,,,,,,,,,,,,,,,,,,,,,,,,,,,,,,,,,,,
144001,督脈 [とくみゃく] ,(n) Governor vessel (traditional Chinese medicine),Du Meredian,Dumaixue,,,,,,,,,,,,,,,,,,,,,,,,,,,,,,,,,,,,,,,,,,,,,,,,,,,,,,,,,,,,,,,,,,,,,,,,,,,,
144501,突出して [とっしゅつして] ,"(exp,adv) especially",exceptionally,remarkably,conspicuously,,,,,,,,,,,,,,,,,,,,,,,,,,,,,,,,,,,,,,,,,,,,,,,,,,,,,,,,,,,,,,,,,,,,,,,,,,,
145001,内軟骨腫 [ないなんこつしゅ] ,"(n,adj-no) enchondroma",,,,,,,,,,,,,,,,,,,,,,,,,,,,,,,,,,,,,,,,,,,,,,,,,,,,,,,,,,,,,,,,,,,,,,,,,,,,,,
145501,難くない [かたくない] ,(adj-i) (as 〜に難くない) easy (to ...),,,,,,,,,,,,,,,,,,,,,,,,,,,,,,,,,,,,,,,,,,,,,,,,,,,,,,,,,,,,,,,,,,,,,,,,,,,,,,
146001,二等;２等 [にとう] ,(n) second class,,,,,,,,,,,,,,,,,,,,,,,,,,,,,,,,,,,,,,,,,,,,,,,,,,,,,,,,,,,,,,,,,,,,,,,,,,,,,,
146501,日独 [にちどく] ,(n) Japan and Germany,Japanese-German,,,,,,,,,,,,,,,,,,,,,,,,,,,,,,,,,,,,,,,,,,,,,,,,,,,,,,,,,,,,,,,,,,,,,,,,,,,,,
147001,入魂 [にゅうこん] ,"(n,vs,adj-no) (1) putting one's heart and soul into",putting one's all into,(n) (2) (arch) (See 昵懇・じっこん) intimacy,familiarity,,,,,,,,,,,,,,,,,,,,,,,,,,,,,,,,,,,,,,,,,,,,,,,,,,,,,,,,,,,,,,,,,,,,,,,,,,,
147501,猫火鉢 [ねこひばち] ,"(n) clay bed-warmer (cylindrical with holes in the sides, containing a brazier)",,,,,,,,,,,,,,,,,,,,,,,,,,,,,,,,,,,,,,,,,,,,,,,,,,,,,,,,,,,,,,,,,,,,,,,,,,,,,,
148001,燃え盛る;燃えさかる [もえさかる] ,"(v5r,vi) to blaze",to burn brightly,,,,,,,,,,,,,,,,,,,,,,,,,,,,,,,,,,,,,,,,,,,,,,,,,,,,,,,,,,,,,,,,,,,,,,,,,,,,,
148501,巴(P);鞆絵 [ともえ] ,(n) tomoe,heraldic design composed of two or more interlocked comma-shaped figures,(P),,,,,,,,,,,,,,,,,,,,,,,,,,,,,,,,,,,,,,,,,,,,,,,,,,,,,,,,,,,,,,,,,,,,,,,,,,,,
149001,廃退;廃頽 [はいたい] ,"(n,vs) decay",decadence,,,,,,,,,,,,,,,,,,,,,,,,,,,,,,,,,,,,,,,,,,,,,,,,,,,,,,,,,,,,,,,,,,,,,,,,,,,,,
149501,配列分割 [はいれつぶんかつ] ,(n) {comp} array partitioning,,,,,,,,,,,,,,,,,,,,,,,,,,,,,,,,,,,,,,,,,,,,,,,,,,,,,,,,,,,,,,,,,,,,,,,,,,,,,,
150001,泊りがけ;泊まりがけ;泊り掛け [とまりがけ] ,(n) staying over,,,,,,,,,,,,,,,,,,,,,,,,,,,,,,,,,,,,,,,,,,,,,,,,,,,,,,,,,,,,,,,,,,,,,,,,,,,,,,
150501,薄膜 [うすまく;はくまく] ,"(n,adj-no) thin film",,,,,,,,,,,,,,,,,,,,,,,,,,,,,,,,,,,,,,,,,,,,,,,,,,,,,,,,,,,,,,,,,,,,,,,,,,,,,,
151001,発起人 [ほっきにん] ,(n) originator,promoter,(P),,,,,,,,,,,,,,,,,,,,,,,,,,,,,,,,,,,,,,,,,,,,,,,,,,,,,,,,,,,,,,,,,,,,,,,,,,,,
151501,半壊 [はんかい] ,"(n,vs) partial destruction",,,,,,,,,,,,,,,,,,,,,,,,,,,,,,,,,,,,,,,,,,,,,,,,,,,,,,,,,,,,,,,,,,,,,,,,,,,,,,
152001,叛跡 [はんせき] ,(n) results of rebellion,,,,,,,,,,,,,,,,,,,,,,,,,,,,,,,,,,,,,,,,,,,,,,,,,,,,,,,,,,,,,,,,,,,,,,,,,,,,,,
152501,蕃別 [ばんべつ] ,(n) (See 諸蕃) clans supposedly descended from foreign lineage (i.e. Chinese or Korean),,,,,,,,,,,,,,,,,,,,,,,,,,,,,,,,,,,,,,,,,,,,,,,,,,,,,,,,,,,,,,,,,,,,,,,,,,,,,,
153001,罷り成らぬ;罷りならぬ [まかりならぬ] ,(exp) (uk) not be allowed,must not,,,,,,,,,,,,,,,,,,,,,,,,,,,,,,,,,,,,,,,,,,,,,,,,,,,,,,,,,,,,,,,,,,,,,,,,,,,,,
153501,非負整数 [ひふせいすう] ,(n) {comp;math} (See 整数) non-negative integer,whole number,natural number,,,,,,,,,,,,,,,,,,,,,,,,,,,,,,,,,,,,,,,,,,,,,,,,,,,,,,,,,,,,,,,,,,,,,,,,,,,,
154001,美味佳肴 [びみかこう] ,(n) (yoji) delicacies,epicurean dishes,,,,,,,,,,,,,,,,,,,,,,,,,,,,,,,,,,,,,,,,,,,,,,,,,,,,,,,,,,,,,,,,,,,,,,,,,,,,,
154501,百家 [ひゃっか] ,(n) (See 諸子百家) many scholars,,,,,,,,,,,,,,,,,,,,,,,,,,,,,,,,,,,,,,,,,,,,,,,,,,,,,,,,,,,,,,,,,,,,,,,,,,,,,,
155001,評定水準 [ひょうていすいじゅん] ,(n) {comp} rating level,,,,,,,,,,,,,,,,,,,,,,,,,,,,,,,,,,,,,,,,,,,,,,,,,,,,,,,,,,,,,,,,,,,,,,,,,,,,,,
155501,不揮発性メモリ [ふきはつせいメモリ] ,(n) {comp} nonvolatile memory,,,,,,,,,,,,,,,,,,,,,,,,,,,,,,,,,,,,,,,,,,,,,,,,,,,,,,,,,,,,,,,,,,,,,,,,,,,,,,
156001,不平等条約 [ふびょうどうじょうやく] ,(n) unequal treaty,,,,,,,,,,,,,,,,,,,,,,,,,,,,,,,,,,,,,,,,,,,,,,,,,,,,,,,,,,,,,,,,,,,,,,,,,,,,,,
156501,扶植 [ふしょく] ,"(n,vs) (1) implantation",(2) support,establishment,,,,,,,,,,,,,,,,,,,,,,,,,,,,,,,,,,,,,,,,,,,,,,,,,,,,,,,,,,,,,,,,,,,,,,,,,,,,
157001,侮辱 [ぶじょく] ,"(n,vs) insult",affront,slight,contempt (e.g. of court),(P),,,,,,,,,,,,,,,,,,,,,,,,,,,,,,,,,,,,,,,,,,,,,,,,,,,,,,,,,,,,,,,,,,,,,,,,,,
157501,風上にも置けない;風上にもおけない [かざかみにもおけない] ,(exp) a disgrace (to a whole group of people),,,,,,,,,,,,,,,,,,,,,,,,,,,,,,,,,,,,,,,,,,,,,,,,,,,,,,,,,,,,,,,,,,,,,,,,,,,,,,
158001,腹ボテ;腹ぼて [はらぼて(腹ぼて);はらボテ(腹ボテ)] ,(n) showing (i.e. being visibly pregnant),someone who is visibly pregnant,,,,,,,,,,,,,,,,,,,,,,,,,,,,,,,,,,,,,,,,,,,,,,,,,,,,,,,,,,,,,,,,,,,,,,,,,,,,,
158501,物資 [ぶっし] ,(n) goods,materials,commodities,resources,supplies,(P),,,,,,,,,,,,,,,,,,,,,,,,,,,,,,,,,,,,,,,,,,,,,,,,,,,,,,,,,,,,,,,,,,,,,,,,,
159001,分離論 [ぶんりろん] ,(n) (See 分離主義) separatism,secessionism,,,,,,,,,,,,,,,,,,,,,,,,,,,,,,,,,,,,,,,,,,,,,,,,,,,,,,,,,,,,,,,,,,,,,,,,,,,,,
159501,文人 [ぶんじん] ,(n) person of letters,literary person,,,,,,,,,,,,,,,,,,,,,,,,,,,,,,,,,,,,,,,,,,,,,,,,,,,,,,,,,,,,,,,,,,,,,,,,,,,,,
160001,平城 [ひらじろ;ひらじょう] ,(n) (See 山城) castle on the plains,,,,,,,,,,,,,,,,,,,,,,,,,,,,,,,,,,,,,,,,,,,,,,,,,,,,,,,,,,,,,,,,,,,,,,,,,,,,,,
160501,壁越し [かべごし] ,(n) (usu. as 壁越しに) through a wall,on the other side of a wall,,,,,,,,,,,,,,,,,,,,,,,,,,,,,,,,,,,,,,,,,,,,,,,,,,,,,,,,,,,,,,,,,,,,,,,,,,,,,
161001,片持ち梁;片持梁 [かたもちばり] ,(n) cantilever,,,,,,,,,,,,,,,,,,,,,,,,,,,,,,,,,,,,,,,,,,,,,,,,,,,,,,,,,,,,,,,,,,,,,,,,,,,,,,
161501,保護国 [ほごこく] ,(n) protectorate,,,,,,,,,,,,,,,,,,,,,,,,,,,,,,,,,,,,,,,,,,,,,,,,,,,,,,,,,,,,,,,,,,,,,,,,,,,,,,
162001,母国語 [ぼこくご] ,(n) language of one's country,mother tongue,native language,(P),,,,,,,,,,,,,,,,,,,,,,,,,,,,,,,,,,,,,,,,,,,,,,,,,,,,,,,,,,,,,,,,,,,,,,,,,,,
162501,放射線滅菌 [ほうしゃせんめっきん] ,"(n,vs) radiation sterilization",,,,,,,,,,,,,,,,,,,,,,,,,,,,,,,,,,,,,,,,,,,,,,,,,,,,,,,,,,,,,,,,,,,,,,,,,,,,,,
163001,縫い揚げ [ぬいあげ] ,(n) a tuck,,,,,,,,,,,,,,,,,,,,,,,,,,,,,,,,,,,,,,,,,,,,,,,,,,,,,,,,,,,,,,,,,,,,,,,,,,,,,,
163501,暴力団員 [ぼうりょくだんいん] ,(n) (See 暴力団) gangster,mobster,yakuza (member),,,,,,,,,,,,,,,,,,,,,,,,,,,,,,,,,,,,,,,,,,,,,,,,,,,,,,,,,,,,,,,,,,,,,,,,,,,,
164001,北米大陸 [ほくべいたいりく] ,"(n,adj-no) North American continent",,,,,,,,,,,,,,,,,,,,,,,,,,,,,,,,,,,,,,,,,,,,,,,,,,,,,,,,,,,,,,,,,,,,,,,,,,,,,,
164501,本論文 [ほんろんぶん] ,(n) this thesis,this article,the article under consideration,,,,,,,,,,,,,,,,,,,,,,,,,,,,,,,,,,,,,,,,,,,,,,,,,,,,,,,,,,,,,,,,,,,,,,,,,,,,
165001,抹香臭い [まっこうくさい] ,(adj-i) smelling of incense,overly pious,,,,,,,,,,,,,,,,,,,,,,,,,,,,,,,,,,,,,,,,,,,,,,,,,,,,,,,,,,,,,,,,,,,,,,,,,,,,,
165501,味方(P);身方(ateji);御方(ateji) [みかた] ,"(n,adj-no) (1) (ant: 敵・てき・1) friend",ally,supporter,"(n,vs) (2) taking sides with",supporting,standing by,backing up,(P),,,,,,,,,,,,,,,,,,,,,,,,,,,,,,,,,,,,,,,,,,,,,,,,,,,,,,,,,,,,,,,,,,,,,,,
166001,民福 [みんぷく] ,(n) national welfare,,,,,,,,,,,,,,,,,,,,,,,,,,,,,,,,,,,,,,,,,,,,,,,,,,,,,,,,,,,,,,,,,,,,,,,,,,,,,,
166501,無色鉱物 [むしょくこうぶつ] ,(n) felsic mineral,colorless mineral,colourless mineral,,,,,,,,,,,,,,,,,,,,,,,,,,,,,,,,,,,,,,,,,,,,,,,,,,,,,,,,,,,,,,,,,,,,,,,,,,,,
167001,名園 [めいえん] ,(n) famous garden,fine garden,,,,,,,,,,,,,,,,,,,,,,,,,,,,,,,,,,,,,,,,,,,,,,,,,,,,,,,,,,,,,,,,,,,,,,,,,,,,,
167501,迷う(P);紕う [まよう] ,"(v5u,vi) (1) (See 道に迷う) to lose one's way",(2) (See 迷い・1) to waver,to hesitate,to be of two minds over,to be puzzled,to be perplexed,(3) to give into temptation,to lose control of oneself,(4) to turn in one's grave,(P),,,,,,,,,,,,,,,,,,,,,,,,,,,,,,,,,,,,,,,,,,,,,,,,,,,,,,,,,,,,,,,,,,,,,
168001,毛管現象 [もうかんげんしょう] ,(n) capillary phenomenon,,,,,,,,,,,,,,,,,,,,,,,,,,,,,,,,,,,,,,,,,,,,,,,,,,,,,,,,,,,,,,,,,,,,,,,,,,,,,,
168501,木漏れ日;木洩れ日;木漏れ陽;木洩れ陽 [こもれび] ,(n) sunlight filtering through trees,,,,,,,,,,,,,,,,,,,,,,,,,,,,,,,,,,,,,,,,,,,,,,,,,,,,,,,,,,,,,,,,,,,,,,,,,,,,,,
169001,問題視 [もんだいし] ,"(n,vs) (See 問題・1) viewed as a problem",,,,,,,,,,,,,,,,,,,,,,,,,,,,,,,,,,,,,,,,,,,,,,,,,,,,,,,,,,,,,,,,,,,,,,,,,,,,,,
169501,弥漫;瀰漫 [びまん] ,"(n,vs) pervasion",,,,,,,,,,,,,,,,,,,,,,,,,,,,,,,,,,,,,,,,,,,,,,,,,,,,,,,,,,,,,,,,,,,,,,,,,,,,,,
170001,諭し [さとし] ,(n) guidance,admonition,,,,,,,,,,,,,,,,,,,,,,,,,,,,,,,,,,,,,,,,,,,,,,,,,,,,,,,,,,,,,,,,,,,,,,,,,,,,,
170501,有界 [うかい;うがい] ,(n) {Buddh} realm of existence,,,,,,,,,,,,,,,,,,,,,,,,,,,,,,,,,,,,,,,,,,,,,,,,,,,,,,,,,,,,,,,,,,,,,,,,,,,,,,
171001,郵政 [ゆうせい] ,(n) postal system,(P),,,,,,,,,,,,,,,,,,,,,,,,,,,,,,,,,,,,,,,,,,,,,,,,,,,,,,,,,,,,,,,,,,,,,,,,,,,,,
171501,与党議員 [よとうぎいん] ,(n) lawmakers from the ruling parties,government member of parliament,,,,,,,,,,,,,,,,,,,,,,,,,,,,,,,,,,,,,,,,,,,,,,,,,,,,,,,,,,,,,,,,,,,,,,,,,,,,,
172001,用紙切れ [ようしきれ] ,(n) {comp} out of paper,,,,,,,,,,,,,,,,,,,,,,,,,,,,,,,,,,,,,,,,,,,,,,,,,,,,,,,,,,,,,,,,,,,,,,,,,,,,,,
172501,翼スパン [よくスパン] ,(n) wingspan,wingspread,,,,,,,,,,,,,,,,,,,,,,,,,,,,,,,,,,,,,,,,,,,,,,,,,,,,,,,,,,,,,,,,,,,,,,,,,,,,,
173001,酪農製品 [らくのうせいひん] ,(n) dairy produce,,,,,,,,,,,,,,,,,,,,,,,,,,,,,,,,,,,,,,,,,,,,,,,,,,,,,,,,,,,,,,,,,,,,,,,,,,,,,,
173501,理非曲直 [りひきょくちょく] ,(n) (yoji) the rights and wrongs (of a case),,,,,,,,,,,,,,,,,,,,,,,,,,,,,,,,,,,,,,,,,,,,,,,,,,,,,,,,,,,,,,,,,,,,,,,,,,,,,,
174001,立て膝;立膝 [たてひざ] ,"(n,vs) sitting with one knee drawn up",,,,,,,,,,,,,,,,,,,,,,,,,,,,,,,,,,,,,,,,,,,,,,,,,,,,,,,,,,,,,,,,,,,,,,,,,,,,,,
174501,硫酸マグネシウム [りゅうさんマグネシウム] ,(n) magnesium sulfate (MgSO4) (sulphate),,,,,,,,,,,,,,,,,,,,,,,,,,,,,,,,,,,,,,,,,,,,,,,,,,,,,,,,,,,,,,,,,,,,,,,,,,,,,,
175001,"良い天気;よい天気;いい天気 [よいてんき(良い天気,よい天気);いいてんき(良い天気,いい天気)] ","(exp,n) fine weather",fair weather,,,,,,,,,,,,,,,,,,,,,,,,,,,,,,,,,,,,,,,,,,,,,,,,,,,,,,,,,,,,,,,,,,,,,,,,,,,,,
175501,輪形 [りんけい] ,"(n,adj-no) ring-shaped",circular,,,,,,,,,,,,,,,,,,,,,,,,,,,,,,,,,,,,,,,,,,,,,,,,,,,,,,,,,,,,,,,,,,,,,,,,,,,,,
176001,冷房設備 [れいぼうせつび] ,(n) cooling facilities,air-conditioning facilities,,,,,,,,,,,,,,,,,,,,,,,,,,,,,,,,,,,,,,,,,,,,,,,,,,,,,,,,,,,,,,,,,,,,,,,,,,,,,
176501,練り歩く;ねり歩く;練歩く;邌り歩く [ねりあるく] ,"(v5k,vi) to parade",to march,to walk in procession,,,,,,,,,,,,,,,,,,,,,,,,,,,,,,,,,,,,,,,,,,,,,,,,,,,,,,,,,,,,,,,,,,,,,,,,,,,,
177001,労を惜しまず [ろうをおしまず] ,(exp) sparing no trouble,taking pains (to),take the trouble (to),,,,,,,,,,,,,,,,,,,,,,,,,,,,,,,,,,,,,,,,,,,,,,,,,,,,,,,,,,,,,,,,,,,,,,,,,,,,
177501,録音室 [ろくおんしつ] ,(n) recording room,recording studio,,,,,,,,,,,,,,,,,,,,,,,,,,,,,,,,,,,,,,,,,,,,,,,,,,,,,,,,,,,,,,,,,,,,,,,,,,,,,
178001,腕に覚えがある [うでにおぼえがある] ,(exp) (id) to have confidence in one's own abilities,,,,,,,,,,,,,,,,,,,,,,,,,,,,,,,,,,,,,,,,,,,,,,,,,,,,,,,,,,,,,,,,,,,,,,,,,,,,,,
178501,嚥下障害 [えんげしょうがい] ,(n) {med} dysphagia (symptom of difficulty in swallowing),dysphagy,,,,,,,,,,,,,,,,,,,,,,,,,,,,,,,,,,,,,,,,,,,,,,,,,,,,,,,,,,,,,,,,,,,,,,,,,,,,,
179001,捩花;ねじ花 [ねじばな] ,(n) screw flower,,,,,,,,,,,,,,,,,,,,,,,,,,,,,,,,,,,,,,,,,,,,,,,,,,,,,,,,,,,,,,,,,,,,,,,,,,,,,,
179501,潛心力(oK) [せんしんりょく] ,(n) {MA} potential power,,,,,,,,,,,,,,,,,,,,,,,,,,,,,,,,,,,,,,,,,,,,,,,,,,,,,,,,,,,,,,,,,,,,,,,,,,,,,,
